日期,时间
2019-05-24,13:29:14
2019-05-24,13:30:07
2019-05-24,13:30:07
2019-05-24,13:30:07
2019-05-24,13:30:07
2019-05-24,13:30:08
2019-05-24,13:30:08
2019-05-24,13:30:08
2019-05-24,13:30:08
2019-05-24,13:30:08
2019-05-24,13:30:08
2019-05-24,13:30:08
2019-05-24,13:30:08
2019-05-24,13:30:08
2019-05-24,13:30:08
2019-05-24,13:30:08
2019-05-24,13:30:08
2019-05-24,13:30:08
2019-05-24,13:30:08
2019-05-24,13:30:08
2019-05-24,13:30:08
2019-05-24,13:30:09
2019-05-24,13:30:09
2019-05-24,13:30:09
2019-05-24,13:30:09
2019-05-24,13:30:09
2019-05-24,13:30:09
2019-05-24,13:30:10
2019-05-24,13:30:10
2019-05-24,13:30:10
2019-05-24,13:30:10
2019-05-24,13:30:10
2019-05-24,13:30:10
2019-05-24,13:30:10
2019-05-24,13:30:10
2019-05-24,13:30:11
2019-05-24,13:30:11
2019-05-24,13:30:11
2019-05-24,13:30:11
2019-05-24,13:30:12
2019-05-24,13:30:13
2019-05-24,13:30:14
2019-05-24,13:30:16
2019-05-24,13:30:17
2019-05-24,13:30:22
2019-05-24,13:30:23
2019-05-24,13:30:24
2019-05-24,13:30:24
2019-05-24,13:30:34
2019-05-24,13:30:36
2019-05-24,13:30:58
2019-05-24,13:31:02
2019-05-24,13:31:20
2019-05-24,13:32:25
2019-05-24,13:32:25
2019-05-24,13:32:25
2019-05-24,13:32:25
2019-05-24,13:32:25
2019-05-24,13:32:25
2019-05-24,13:32:25
2019-05-24,13:32:26
2019-05-24,13:32:27
2019-05-24,13:32:27
2019-05-24,13:32:27
2019-05-24,13:32:27
2019-05-24,13:32:27
2019-05-24,13:32:27
2019-05-24,13:32:27
2019-05-24,13:32:27
2019-05-24,13:32:27
2019-05-24,13:32:27
2019-05-24,13:32:27
2019-05-24,13:32:27
2019-05-24,13:32:27
2019-05-24,13:32:27
2019-05-24,13:32:27
2019-05-24,13:32:27
2019-05-24,13:32:27
2019-05-24,13:32:27
2019-05-24,13:32:27
2019-05-24,13:32:27
2019-05-24,13:32:27
2019-05-24,13:32:27
2019-05-24,13:32:27
2019-05-24,13:32:27
2019-05-24,13:32:27
2019-05-24,13:32:27
2019-05-24,13:32:28
2019-05-24,13:32:28
2019-05-24,13:32:28
2019-05-24,13:32:29
2019-05-24,13:32:29
2019-05-24,13:32:29
2019-05-24,13:32:30
2019-05-24,13:32:30
2019-05-24,13:32:31
2019-05-24,13:32:39
2019-05-24,13:32:39
2019-05-24,13:32:39
2019-05-24,13:32:39
2019-05-24,13:32:41
2019-05-24,13:32:42
2019-05-24,13:32:51
2019-05-24,13:33:18
2019-05-24,13:33:35
2019-05-24,13:33:48
2019-05-24,13:33:52
2019-05-24,13:33:52
2019-05-24,13:33:52
2019-05-24,13:34:04
2019-05-24,13:34:38
2019-05-24,13:34:38
2019-05-24,13:34:40
2019-05-24,13:34:47
2019-05-24,13:34:47
2019-05-24,13:34:48
2019-05-24,13:34:59
2019-05-24,13:35:03
2019-05-24,13:35:04
2019-05-24,13:35:05
2019-05-24,13:35:05
2019-05-24,13:35:05
2019-05-24,13:35:05
2019-05-24,13:35:06
2019-05-24,13:35:21
2019-05-24,13:35:23
2019-05-24,13:35:36
2019-05-24,13:36:40
2019-05-24,13:37:56
2019-05-24,13:37:56
2019-05-24,13:37:57
2019-05-24,13:38:13
2019-05-24,13:42:00
2019-05-24,13:46:40
2019-05-24,13:54:14
2019-05-24,13:54:16
2019-05-24,13:58:28
2019-05-24,14:03:28
2019-05-24,14:03:28
2019-05-24,14:05:31
2019-05-24,14:05:33
2019-05-24,14:07:37
2019-05-24,14:09:11
2019-05-24,14:13:16
2019-05-24,14:22:55
2019-05-24,14:22:55
2019-05-24,14:23:11
2019-05-24,14:24:26
2019-05-24,14:24:26
2019-05-24,14:24:26
2019-05-24,14:24:26
2019-05-24,14:24:30
2019-05-24,14:44:43
2019-05-24,14:44:43
2019-05-24,14:44:45
2019-05-24,14:44:45
2019-05-24,14:44:45
2019-05-24,14:45:04
2019-05-24,14:45:04
2019-05-24,14:45:21
2019-05-24,14:45:30
2019-05-24,14:45:37
2019-05-24,14:45:59
2019-05-24,14:46:02
2019-05-24,14:46:09
2019-05-24,14:46:45
2019-05-24,14:47:25
2019-05-24,14:53:49
2019-05-24,14:54:43
2019-05-24,14:59:43
2019-05-24,14:59:45
2019-05-24,15:02:48
2019-05-24,15:02:48
2019-05-24,15:02:49
2019-05-24,15:03:49
2019-05-24,15:03:52
2019-05-24,15:04:49
2019-05-24,15:04:49
2019-05-24,15:05:49
2019-05-24,15:09:32
2019-05-24,15:09:40
2019-05-24,15:09:40
2019-05-24,15:13:22
2019-05-24,15:14:50
2019-05-24,15:16:56
2019-05-24,15:18:01
2019-05-24,15:20:39
2019-05-24,15:20:39
2019-05-24,15:29:42
2019-05-24,15:29:44
2019-05-24,15:37:27
2019-05-24,15:37:27
2019-05-24,15:37:31
2019-05-24,15:50:11
2019-05-24,15:57:31
2019-05-24,15:59:44
2019-05-24,15:59:46
2019-05-24,16:03:15
2019-05-24,16:03:18
2019-05-24,16:04:30
2019-05-24,16:08:20
2019-05-24,16:15:17
2019-05-24,16:16:18
2019-05-24,16:16:23
2019-05-24,16:16:25
2019-05-24,16:22:15
2019-05-24,16:25:43
2019-05-24,16:33:58
2019-05-24,16:40:50
2019-05-24,16:40:58
2019-05-24,16:41:01
2019-05-24,16:44:42
2019-05-24,16:44:45
2019-05-24,16:53:46
2019-05-24,17:00:04
2019-05-24,17:00:13
2019-05-24,17:03:47
2019-05-24,17:03:51
2019-05-24,17:11:53
2019-05-24,17:14:42
2019-05-24,17:14:44
2019-05-24,17:21:46
2019-05-24,17:44:42
2019-05-24,17:44:44
2019-05-24,17:50:10
2019-05-24,18:03:01
2019-05-24,18:03:03
2019-05-24,18:03:06
2019-05-24,21:03:08
2019-05-24,21:03:08
2019-05-24,21:03:08
2019-05-24,21:03:08
2019-05-24,21:03:09
2019-05-24,21:03:12
2019-05-24,21:03:17
2019-05-24,21:03:28
2019-05-25,02:17:39
2019-05-25,02:17:55
2019-05-25,02:18:26
2019-05-25,02:18:26
2019-05-25,02:18:27
2019-05-25,02:19:12
2019-05-25,02:20:01
2019-05-25,02:20:02
2019-05-25,02:27:33
2019-05-25,02:27:51
2019-05-25,02:32:31
2019-05-25,02:32:33
2019-05-25,02:33:18
2019-05-25,02:38:54
2019-05-25,02:53:14
2019-05-25,03:02:31
2019-05-25,03:02:33
2019-05-25,03:03:14
2019-05-25,03:03:17
2019-05-25,03:08:05
2019-05-25,03:12:35
2019-05-25,03:17:38
2019-05-25,03:19:21
2019-05-25,03:19:21
2019-05-25,03:19:22
2019-05-25,03:19:22
2019-05-25,03:21:57
2019-05-25,03:32:31
2019-05-25,03:32:33
2019-05-25,03:34:49
2019-05-25,03:51:40
2019-05-25,04:01:15
2019-05-25,04:01:50
2019-05-25,04:01:52
2019-05-25,04:01:54
2019-05-25,04:45:40
2019-05-25,04:45:40
2019-05-25,04:45:40
2019-05-25,04:45:42
2019-05-25,04:45:46
2019-05-25,04:45:50
2019-05-25,04:45:51
2019-05-25,04:45:51
2019-05-25,04:45:59
2019-05-25,04:46:15
2019-05-25,04:46:47
2019-05-25,04:48:40
2019-05-25,04:51:45
2019-05-25,04:55:41
2019-05-25,04:56:26
2019-05-25,04:57:50
2019-05-25,04:59:04
2019-05-25,04:59:04
2019-05-25,04:59:13
2019-05-25,05:00:40
2019-05-25,05:00:42
2019-05-25,05:02:57
2019-05-25,05:03:24
2019-05-25,05:16:13
2019-05-25,05:22:23
2019-05-25,05:30:40
2019-05-25,05:30:42
2019-05-25,05:37:00
2019-05-25,05:44:52
2019-05-25,05:47:28
2019-05-25,05:47:52
2019-05-25,05:51:44
2019-05-25,05:52:41
2019-05-25,05:56:43
2019-05-25,05:56:54
2019-05-25,05:57:13
2019-05-25,05:58:49
2019-05-25,05:58:53
2019-05-25,06:00:40
2019-05-25,06:00:42
2019-05-25,06:05:40
2019-05-25,06:05:42
2019-05-25,06:07:27
2019-05-25,06:13:50
2019-05-25,06:21:55
2019-05-25,06:30:40
2019-05-25,06:30:42
2019-05-25,06:31:38
2019-05-25,06:38:04
2019-05-25,06:46:56
2019-05-25,06:57:17
2019-05-25,07:00:40
2019-05-25,07:00:42
2019-05-25,07:01:39
2019-05-25,07:04:25
2019-05-25,07:04:27
2019-05-25,07:08:14
2019-05-25,07:17:27
2019-05-25,07:22:25
2019-05-25,07:30:40
2019-05-25,07:30:43
2019-05-25,07:42:48
2019-05-25,07:42:57
2019-05-25,07:52:43
2019-05-25,08:00:40
2019-05-25,08:00:43
2019-05-25,08:03:25
2019-05-25,08:03:29
2019-05-25,08:08:46
2019-05-25,08:22:25
2019-05-25,08:30:40
2019-05-25,08:30:43
2019-05-25,08:32:29
2019-05-25,08:38:38
2019-05-25,08:50:06
2019-05-25,08:50:09
2019-05-25,08:50:30
2019-05-25,08:53:52
2019-05-25,08:57:17
2019-05-25,08:59:27
2019-05-25,09:00:40
2019-05-25,09:00:43
2019-05-25,09:03:22
2019-05-25,09:04:38
2019-05-25,09:05:01
2019-05-25,09:05:01
2019-05-25,09:05:01
2019-05-25,09:05:32
2019-05-25,14:30:03
2019-05-25,14:30:03
2019-05-25,14:30:05
2019-05-25,14:30:07
2019-05-25,14:30:18
2019-05-25,14:30:21
2019-05-25,14:30:21
2019-05-25,14:30:48
2019-05-25,14:30:50
2019-05-25,14:32:05
2019-05-25,14:32:59
2019-05-25,14:32:59
2019-05-25,14:36:46
2019-05-25,14:40:04
2019-05-25,14:45:03
2019-05-25,14:45:06
2019-05-25,14:50:59
2019-05-25,14:56:06
2019-05-25,14:56:07
2019-05-25,15:00:39
2019-05-25,15:03:15
2019-05-25,15:04:12
2019-05-25,15:06:09
2019-05-25,15:15:02
2019-05-25,15:15:04
2019-05-25,15:17:00
2019-05-25,15:17:16
2019-05-25,15:22:08
2019-05-25,15:30:52
2019-05-25,15:45:02
2019-05-25,15:45:04
2019-05-25,15:45:21
2019-05-25,15:52:00
2019-05-25,15:57:18
2019-05-25,16:01:38
2019-05-25,16:01:45
2019-05-25,16:01:47
2019-05-25,16:03:33
2019-05-25,16:03:37
2019-05-25,16:08:22
2019-05-25,16:20:19
2019-05-25,16:20:33
2019-05-25,16:25:40
2019-05-25,16:28:43
2019-05-25,16:30:02
2019-05-25,16:30:04
2019-05-25,16:39:05
2019-05-25,16:39:05
2019-05-25,16:39:05
2019-05-25,16:39:05
2019-05-25,16:39:05
2019-05-25,16:39:05
2019-05-25,16:39:07
2019-05-25,16:39:09
2019-05-25,16:46:31
2019-05-25,16:50:17
2019-05-25,16:50:19
2019-05-25,16:50:19
2019-05-25,16:50:19
2019-05-25,16:50:29
2019-05-25,16:59:59
2019-05-25,17:00:02
2019-05-25,17:03:33
2019-05-25,17:22:07
2019-05-25,17:29:59
2019-05-25,17:30:02
2019-05-25,17:30:37
2019-05-25,17:31:37
2019-05-25,17:42:34
2019-05-25,17:48:40
2019-05-26,02:19:12
2019-05-26,02:19:15
2019-05-26,02:19:15
2019-05-26,02:19:15
2019-05-26,02:19:16
2019-05-26,02:19:20
2019-05-26,02:19:26
2019-05-26,02:19:26
2019-05-26,02:21:12
2019-05-26,02:22:12
2019-05-26,02:22:12
2019-05-26,02:22:12
2019-05-26,02:22:15
2019-05-26,02:22:18
2019-05-26,02:29:16
2019-05-26,02:30:11
2019-05-26,02:34:15
2019-05-26,02:34:17
2019-05-26,03:03:39
2019-05-26,03:03:41
2019-05-26,03:04:15
2019-05-26,03:04:17
2019-05-26,03:12:39
2019-05-26,03:12:39
2019-05-26,03:14:05
2019-05-26,03:21:46
2019-05-26,03:22:39
2019-05-26,03:27:09
2019-05-26,03:27:10
2019-05-26,03:27:10
2019-05-26,03:34:15
2019-05-26,03:34:17
2019-05-26,03:42:39
2019-05-26,03:50:24
2019-05-26,03:50:31
2019-05-26,03:50:31
2019-05-26,04:03:39
2019-05-26,04:04:15
2019-05-26,04:04:17
2019-05-26,04:22:39
2019-05-26,04:25:40
2019-05-26,04:34:15
2019-05-26,04:34:17
2019-05-26,04:49:18
2019-05-26,05:03:39
2019-05-26,05:03:41
2019-05-26,05:04:15
2019-05-26,05:04:17
2019-05-26,05:22:39
2019-05-26,05:32:34
2019-05-26,05:34:15
2019-05-26,05:34:17
2019-05-26,05:49:18
2019-05-26,05:56:27
2019-05-26,05:56:27
2019-05-26,05:56:28
2019-05-26,06:00:56
2019-05-26,06:03:37
2019-05-26,06:03:39
2019-05-26,06:04:15
2019-05-26,06:04:17
2019-05-26,06:19:37
2019-05-26,06:22:37
2019-05-26,06:32:05
2019-05-26,06:34:15
2019-05-26,06:34:17
2019-05-26,07:03:37
2019-05-26,07:03:39
2019-05-26,07:04:15
2019-05-26,07:04:17
2019-05-26,07:19:13
2019-05-26,07:22:37
2019-05-26,07:31:37
2019-05-26,07:32:35
2019-05-26,07:32:38
2019-05-26,07:34:15
2019-05-26,07:34:17
2019-05-26,08:03:37
2019-05-26,08:03:39
2019-05-26,08:04:15
2019-05-26,08:04:17
2019-05-26,08:22:37
2019-05-26,08:34:15
2019-05-26,08:34:17
2019-05-26,09:03:37
2019-05-26,09:03:39
2019-05-26,09:04:15
2019-05-26,09:04:17
2019-05-26,09:22:37
2019-05-26,09:34:15
2019-05-26,09:34:17
2019-05-26,09:38:50
2019-05-26,09:38:50
2019-05-26,09:59:37
2019-05-26,10:03:37
2019-05-26,10:03:39
2019-05-26,10:04:15
2019-05-26,10:04:17
2019-05-26,10:05:29
2019-05-26,10:19:09
2019-05-26,10:22:37
2019-05-26,10:25:41
2019-05-26,10:28:42
2019-05-26,10:34:10
2019-05-26,10:34:15
2019-05-26,10:34:17
2019-05-26,10:48:12
2019-05-26,10:53:37
2019-05-26,11:03:37
2019-05-26,11:03:39
2019-05-26,11:04:15
2019-05-26,11:04:17
2019-05-26,11:16:50
2019-05-26,11:22:37
2019-05-26,11:34:15
2019-05-26,11:34:17
2019-05-26,11:38:52
2019-05-26,11:59:36
2019-05-26,12:03:37
2019-05-26,12:03:39
2019-05-26,12:04:15
2019-05-26,12:04:17
2019-05-26,12:06:37
2019-05-26,12:06:40
2019-05-26,12:19:13
2019-05-26,12:22:37
2019-05-26,12:32:04
2019-05-26,12:34:15
2019-05-26,12:34:17
2019-05-26,12:50:34
2019-05-26,12:58:54
2019-05-26,12:58:55
2019-05-26,13:03:37
2019-05-26,13:03:39
2019-05-26,13:04:15
2019-05-26,13:04:17
2019-05-26,13:10:13
2019-05-26,13:22:37
2019-05-26,13:34:15
2019-05-26,13:38:11
2019-05-26,13:59:37
2019-05-26,14:03:29
2019-05-26,14:03:31
2019-05-26,14:04:15
2019-05-26,14:08:54
2019-05-26,14:12:00
2019-05-26,14:18:37
2019-05-26,14:22:37
2019-05-26,14:31:14
2019-05-26,14:34:15
2019-05-26,14:48:05
2019-05-26,14:48:15
2019-05-26,14:55:01
2019-05-26,14:55:01
2019-05-26,15:03:38
2019-05-26,15:04:15
2019-05-26,15:04:38
2019-05-26,15:04:38
2019-05-26,15:04:40
2019-05-26,15:05:06
2019-05-26,15:13:06
2019-05-26,15:22:37
2019-05-26,15:34:15
2019-05-26,15:39:38
2019-05-26,15:59:07
2019-05-26,15:59:56
2019-05-26,16:05:55
2019-05-26,16:06:01
2019-05-26,16:22:37
2019-05-26,16:25:40
2019-05-26,16:33:03
2019-05-26,16:33:07
2019-05-26,16:34:15
2019-05-26,17:00:14
2019-05-26,17:00:15
2019-05-26,17:03:38
2019-05-26,17:03:40
2019-05-26,17:04:15
2019-05-26,17:19:11
2019-05-26,17:19:11
2019-05-26,17:19:11
2019-05-26,17:19:12
2019-05-26,17:20:15
2019-05-26,17:22:38
2019-05-26,17:34:15
2019-05-26,17:39:00
2019-05-26,17:45:30
2019-05-26,17:51:11
2019-05-26,17:51:12
2019-05-26,17:51:12
2019-05-26,17:51:12
2019-05-26,17:51:12
2019-05-26,17:51:16
2019-05-26,17:59:37
2019-05-26,18:03:38
2019-05-26,18:03:40
2019-05-26,18:04:15
2019-05-26,18:07:49
2019-05-26,18:17:38
2019-05-26,18:20:20
2019-05-26,18:20:20
2019-05-26,18:22:38
2019-05-26,18:34:15
2019-05-26,19:03:38
2019-05-26,19:03:40
2019-05-26,19:04:15
2019-05-26,19:08:50
2019-05-27,01:53:04
2019-05-27,01:53:07
2019-05-27,01:53:08
2019-05-27,01:53:11
2019-05-27,01:53:15
2019-05-27,01:53:16
2019-05-27,01:53:22
2019-05-27,01:53:22
2019-05-27,01:53:31
2019-05-27,01:53:31
2019-05-27,01:54:18
2019-05-27,01:55:13
2019-05-27,01:56:13
2019-05-27,01:58:49
2019-05-27,02:03:24
2019-05-27,02:08:07
2019-05-27,02:22:24
2019-05-27,02:37:00
2019-05-27,02:38:07
2019-05-27,02:38:22
2019-05-27,02:46:30
2019-05-27,02:46:31
2019-05-27,02:53:54
2019-05-27,02:53:54
2019-05-27,03:02:10
2019-05-27,03:03:09
2019-05-27,03:03:24
2019-05-27,03:08:07
2019-05-27,03:08:21
2019-05-27,03:08:30
2019-05-27,03:10:58
2019-05-27,03:13:20
2019-05-27,03:14:33
2019-05-27,03:14:33
2019-05-27,03:14:34
2019-05-27,03:18:55
2019-05-27,03:20:39
2019-05-27,03:22:12
2019-05-27,03:22:24
2019-05-27,03:38:07
2019-05-27,03:38:19
2019-05-27,03:56:07
2019-05-27,03:56:17
2019-05-27,03:58:09
2019-05-27,04:03:45
2019-05-27,04:03:47
2019-05-27,04:05:15
2019-05-27,04:08:07
2019-05-27,04:16:30
2019-05-27,04:21:45
2019-05-27,04:22:17
2019-05-27,04:25:40
2019-05-27,04:27:24
2019-05-27,04:31:51
2019-05-27,04:31:57
2019-05-27,04:37:22
2019-05-27,04:38:00
2019-05-27,04:38:00
2019-05-27,04:38:00
2019-05-27,04:38:00
2019-05-27,04:38:00
2019-05-27,04:38:00
2019-05-27,04:38:01
2019-05-27,04:38:01
2019-05-27,04:38:01
2019-05-27,04:38:01
2019-05-27,04:38:01
2019-05-27,04:38:01
2019-05-27,04:38:01
2019-05-27,04:38:01
2019-05-27,04:38:01
2019-05-27,04:38:01
2019-05-27,04:38:01
2019-05-27,04:38:01
2019-05-27,04:38:01
2019-05-27,04:38:01
2019-05-27,04:38:01
2019-05-27,04:38:01
2019-05-27,04:38:01
2019-05-27,04:38:01
2019-05-27,04:38:01
2019-05-27,04:38:02
2019-05-27,04:38:02
2019-05-27,04:38:02
2019-05-27,04:38:02
2019-05-27,04:38:02
2019-05-27,04:38:02
2019-05-27,04:38:02
2019-05-27,04:38:02
2019-05-27,04:38:02
2019-05-27,04:38:02
2019-05-27,04:38:02
2019-05-27,04:38:02
2019-05-27,04:38:05
2019-05-27,04:38:52
2019-05-27,04:39:09
2019-05-27,04:39:52
2019-05-27,04:40:04
2019-05-27,04:40:04
2019-05-27,04:40:05
2019-05-27,04:40:05
2019-05-27,04:40:05
2019-05-27,04:40:08
2019-05-27,04:40:09
2019-05-27,04:40:09
2019-05-27,04:40:09
2019-05-27,04:40:10
2019-05-27,04:40:10
2019-05-27,04:40:11
2019-05-27,04:40:11
2019-05-27,04:40:26
2019-05-27,04:41:01
2019-05-27,04:41:01
2019-05-27,04:41:02
2019-05-27,04:41:02
2019-05-27,04:41:08
2019-05-27,04:42:02
2019-05-27,04:48:03
2019-05-27,04:53:43
2019-05-27,04:58:14
2019-05-27,04:58:14
2019-05-27,04:58:15
2019-05-27,04:58:15
2019-05-27,04:58:15
2019-05-27,04:58:18
2019-05-27,04:58:24
2019-05-27,04:59:32
2019-05-27,04:59:32
2019-05-27,05:00:16
2019-05-27,05:09:36
2019-05-27,05:09:38
2019-05-27,05:14:17
2019-05-27,05:15:36
2019-05-27,05:19:06
2019-05-27,05:22:00
2019-05-27,05:40:34
2019-05-27,05:40:36
2019-05-27,05:41:09
2019-05-27,05:42:32
2019-05-27,05:45:42
2019-05-27,05:53:00
2019-05-27,05:56:27
2019-05-27,05:56:27
2019-05-27,05:56:28
2019-05-27,05:56:31
2019-05-27,05:56:33
2019-05-27,06:00:56
2019-05-27,06:00:56
2019-05-27,06:03:32
2019-05-27,06:03:34
2019-05-27,06:10:34
2019-05-27,06:10:36
2019-05-27,06:14:33
2019-05-27,06:19:52
2019-05-27,06:22:27
2019-05-27,06:28:38
2019-05-27,06:31:49
2019-05-27,06:32:02
2019-05-27,06:36:53
2019-05-27,06:40:34
2019-05-27,06:40:36
2019-05-27,06:43:02
2019-05-27,06:43:02
2019-05-27,06:43:02
2019-05-27,06:43:19
2019-05-27,06:44:05
2019-05-27,06:50:30
2019-05-27,06:53:27
2019-05-27,06:58:16
2019-05-27,06:58:16
2019-05-27,07:00:05
2019-05-27,07:02:58
2019-05-27,07:03:00
2019-05-27,07:03:29
2019-05-27,07:07:59
2019-05-27,07:08:27
2019-05-27,07:10:34
2019-05-27,07:10:36
2019-05-27,07:21:56
2019-05-27,07:31:56
2019-05-27,07:40:34
2019-05-27,07:40:36
2019-05-27,07:41:56
2019-05-27,08:00:26
2019-05-27,08:04:01
2019-05-27,08:04:04
2019-05-27,08:10:34
2019-05-27,08:10:36
2019-05-27,08:15:00
2019-05-27,08:22:27
2019-05-27,08:38:16
2019-05-27,08:38:28
2019-05-27,08:40:34
2019-05-27,08:40:36
2019-05-27,08:58:41
2019-05-27,09:03:54
2019-05-27,09:10:34
2019-05-27,09:10:36
2019-05-27,09:22:19
2019-05-27,09:40:34
2019-05-27,09:40:36
2019-05-27,09:42:47
2019-05-27,09:52:33
2019-05-27,09:56:33
2019-05-27,09:56:33
2019-05-27,12:32:49
2019-05-27,12:32:49
2019-05-27,12:32:49
2019-05-27,12:32:49
2019-05-27,12:32:49
2019-05-27,12:32:49
2019-05-27,12:32:49
2019-05-27,12:32:49
2019-05-27,12:32:50
2019-05-27,12:32:50
2019-05-27,12:32:50
2019-05-27,12:32:50
2019-05-27,12:32:50
2019-05-27,12:32:50
2019-05-27,12:32:50
2019-05-27,12:32:50
2019-05-27,12:32:50
2019-05-27,12:32:50
2019-05-27,12:32:50
2019-05-27,12:32:50
2019-05-27,12:32:50
2019-05-27,12:32:51
2019-05-27,12:32:51
2019-05-27,12:32:51
2019-05-27,12:32:51
2019-05-27,12:32:51
2019-05-27,12:32:51
2019-05-27,12:32:51
2019-05-27,12:32:51
2019-05-27,12:32:52
2019-05-27,12:32:52
2019-05-27,12:32:52
2019-05-27,12:32:52
2019-05-27,12:32:52
2019-05-27,12:32:52
2019-05-27,12:32:52
2019-05-27,12:32:52
2019-05-27,12:32:55
2019-05-27,12:32:56
2019-05-27,12:32:56
2019-05-27,12:33:00
2019-05-27,12:33:02
2019-05-27,12:33:06
2019-05-27,12:33:08
2019-05-27,12:33:08
2019-05-27,12:33:08
2019-05-27,12:33:15
2019-05-27,12:33:21
2019-05-27,12:33:38
2019-05-27,12:33:38
2019-05-27,12:33:53
2019-05-27,12:33:59
2019-05-27,12:34:04
2019-05-27,12:34:04
2019-05-27,12:34:43
2019-05-27,12:34:57
2019-05-27,12:35:05
2019-05-27,12:35:09
2019-05-27,12:35:10
2019-05-27,12:35:11
2019-05-27,12:35:13
2019-05-27,12:35:17
2019-05-27,12:35:17
2019-05-27,12:35:17
2019-05-27,12:36:54
2019-05-27,12:39:55
2019-05-27,12:40:50
2019-05-27,12:40:50
2019-05-27,12:40:50
2019-05-27,12:40:54
2019-05-27,12:45:22
2019-05-27,12:46:10
2019-05-27,12:46:34
2019-05-27,12:55:07
2019-05-27,13:04:07
2019-05-27,13:05:46
2019-05-27,13:05:48
2019-05-27,13:08:32
2019-05-27,13:08:32
2019-05-27,13:08:35
2019-05-27,13:08:37
2019-05-27,13:09:13
2019-05-27,13:11:59
2019-05-27,13:20:13
2019-05-27,13:20:52
2019-05-27,13:22:07
2019-05-27,13:33:46
2019-05-27,13:35:47
2019-05-27,13:35:49
2019-05-27,13:46:21
2019-05-27,13:52:04
2019-05-27,13:59:58
2019-05-27,14:04:07
2019-05-27,14:05:46
2019-05-27,14:05:48
2019-05-27,14:14:30
2019-05-27,14:22:04
2019-05-27,14:31:36
2019-05-27,14:31:50
2019-05-27,14:35:47
2019-05-27,14:35:49
2019-05-27,14:37:52
2019-05-27,14:37:52
2019-05-27,14:38:42
2019-05-27,14:39:25
2019-05-27,14:41:57
2019-05-27,14:43:25
2019-05-27,14:45:27
2019-05-27,14:45:41
2019-05-27,14:45:42
2019-05-27,14:45:42
2019-05-27,14:45:42
2019-05-27,14:45:52
2019-05-27,14:46:34
2019-05-27,14:47:20
2019-05-27,14:47:20
2019-05-27,14:47:21
2019-05-27,14:47:24
2019-05-27,14:47:44
2019-05-27,14:49:22
2019-05-27,14:53:25
2019-05-27,14:58:01
2019-05-27,14:58:04
2019-05-27,14:58:56
2019-05-27,14:58:58
2019-05-27,15:03:13
2019-05-27,15:03:36
2019-05-27,15:03:36
2019-05-27,15:03:48
2019-05-27,15:04:11
2019-05-27,15:05:43
2019-05-27,15:05:46
2019-05-27,15:05:48
2019-05-27,15:17:19
2019-05-27,15:17:19
2019-05-27,15:17:20
2019-05-27,15:17:24
2019-05-27,15:17:40
2019-05-27,15:17:47
2019-05-27,15:20:19
2019-05-27,15:20:21
2019-05-27,15:22:07
2019-05-27,15:22:07
2019-05-27,15:22:11
2019-05-27,15:22:13
2019-05-27,15:22:15
2019-05-27,15:22:31
2019-05-27,15:23:03
2019-05-27,15:32:07
2019-05-27,15:52:06
2019-05-27,15:52:08
2019-05-27,16:01:47
2019-05-27,16:02:50
2019-05-27,16:03:32
2019-05-27,16:04:07
2019-05-27,16:06:23
2019-05-27,16:10:55
2019-05-27,16:11:39
2019-05-27,16:16:40
2019-05-27,16:16:43
2019-05-27,16:17:26
2019-05-27,16:17:26
2019-05-27,16:19:02
2019-05-27,16:22:05
2019-05-27,16:23:00
2019-05-27,16:23:06
2019-05-27,16:23:08
2019-05-27,16:25:40
2019-05-10,04:20:18
2019-05-10,04:24:02
2019-05-10,04:25:40
2019-05-10,04:35:03
2019-05-10,04:51:03
2019-05-10,04:54:03
2019-05-10,05:05:03
2019-05-10,05:05:04
2019-05-10,05:05:06
2019-05-10,05:20:18
2019-05-10,05:24:02
2019-05-10,05:35:03
2019-05-10,05:41:12
2019-05-10,05:41:13
2019-05-10,05:41:13
2019-05-10,05:50:56
2019-05-10,05:54:04
2019-05-10,05:54:16
2019-05-10,06:02:32
2019-05-10,06:02:43
2019-05-10,06:02:43
2019-05-10,06:05:08
2019-05-10,06:08:36
2019-05-10,06:15:05
2019-05-10,06:15:37
2019-05-10,06:16:13
2019-05-10,06:24:02
2019-05-10,06:33:27
2019-05-10,06:40:46
2019-05-10,06:47:42
2019-05-10,06:47:49
2019-05-10,06:48:59
2019-05-10,06:51:35
2019-05-10,06:53:35
2019-05-10,06:54:04
2019-05-10,07:03:35
2019-05-10,07:03:37
2019-05-10,07:05:35
2019-05-10,07:19:46
2019-05-10,07:20:34
2019-05-10,07:24:02
2019-05-10,07:48:43
2019-05-10,07:50:01
2019-05-10,07:54:05
2019-05-10,07:59:06
2019-05-10,08:00:59
2019-05-10,08:04:01
2019-05-10,08:04:03
2019-05-10,08:05:26
2019-05-10,08:11:14
2019-05-10,08:16:01
2019-05-10,08:16:01
2019-05-10,08:24:02
2019-05-10,08:32:23
2019-05-10,08:34:20
2019-05-10,08:37:27
2019-05-10,08:37:27
2019-05-10,08:37:27
2019-05-10,08:37:34
2019-05-10,08:37:34
2019-05-10,08:37:40
2019-05-10,14:37:51
2019-05-10,14:37:51
2019-05-10,14:37:53
2019-05-10,14:38:01
2019-05-10,14:39:53
2019-05-10,14:47:52
2019-05-10,14:48:08
2019-05-10,14:56:55
2019-05-10,14:56:55
2019-05-10,14:56:56
2019-05-10,14:57:02
2019-05-10,14:57:02
2019-05-10,14:57:50
2019-05-10,15:02:57
2019-05-10,15:04:03
2019-05-10,15:05:36
2019-05-10,15:05:36
2019-05-10,15:07:50
2019-05-10,15:14:03
2019-05-10,15:20:35
2019-05-10,15:33:37
2019-05-10,15:35:35
2019-05-10,15:37:52
2019-05-10,15:39:54
2019-05-10,15:50:35
2019-05-10,15:52:32
2019-05-10,15:52:42
2019-05-10,15:52:52
2019-05-10,15:52:52
2019-05-10,16:01:59
2019-05-10,16:04:11
2019-05-10,16:05:35
2019-05-10,16:07:12
2019-05-10,16:07:50
2019-05-10,16:11:35
2019-05-10,16:12:00
2019-05-10,16:12:00
2019-05-10,16:12:01
2019-05-10,16:12:03
2019-05-10,16:20:35
2019-05-10,16:25:41
2019-05-10,16:26:57
2019-05-10,16:26:57
2019-05-10,16:35:35
2019-05-10,16:37:53
2019-05-10,16:37:53
2019-05-10,16:38:43
2019-05-10,16:50:35
2019-05-10,17:05:35
2019-05-10,17:05:35
2019-05-10,17:05:37
2019-05-10,17:07:50
2019-05-10,17:20:35
2019-05-10,17:29:01
2019-05-10,17:29:01
2019-05-10,17:29:01
2019-05-10,17:31:53
2019-05-10,17:37:51
2019-05-10,17:46:01
2019-05-10,17:46:01
2019-05-10,17:52:28
2019-05-10,18:03:16
2019-05-10,18:05:35
2019-05-10,18:05:35
2019-05-10,18:05:37
2019-05-10,18:07:50
2019-05-10,18:09:03
2019-05-10,18:11:35
2019-05-10,18:14:23
2019-05-10,18:19:53
2019-05-10,18:21:21
2019-05-10,18:26:25
2019-05-10,18:32:25
2019-05-10,18:32:25
2019-05-10,18:32:58
2019-05-10,18:35:35
2019-05-10,18:37:51
2019-05-10,18:37:56
2019-05-10,18:39:49
2019-05-10,18:50:35
2019-05-10,18:57:02
2019-05-10,19:05:35
2019-05-10,19:05:35
2019-05-10,19:05:37
2019-05-10,19:07:50
2019-05-10,19:20:35
2019-05-10,19:35:35
2019-05-10,19:37:52
2019-05-10,19:41:52
2019-05-10,19:49:47
2019-05-10,19:49:47
2019-05-10,19:49:56
2019-05-10,19:50:35
2019-05-10,20:05:35
2019-05-10,20:05:35
2019-05-10,20:07:50
2019-05-10,20:12:04
2019-05-10,20:19:24
2019-05-10,20:35:35
2019-05-10,20:37:51
2019-05-10,20:50:35
2019-05-10,21:05:35
2019-05-10,21:05:35
2019-05-10,21:05:37
2019-05-10,21:07:50
2019-05-10,21:20:35
2019-05-10,21:35:35
2019-05-10,21:37:51
2019-05-10,21:41:51
2019-05-10,21:49:53
2019-05-10,22:05:35
2019-05-10,22:05:35
2019-05-10,22:05:37
2019-05-10,22:07:50
2019-05-10,22:12:04
2019-05-10,22:20:35
2019-05-10,22:25:41
2019-05-10,22:35:35
2019-05-10,22:37:50
2019-05-10,22:37:51
2019-05-10,22:50:35
2019-05-10,23:05:35
2019-05-10,23:05:35
2019-05-10,23:05:37
2019-05-10,23:07:50
2019-05-10,23:20:35
2019-05-10,23:35:35
2019-05-10,23:37:51
2019-05-10,23:41:51
2019-05-10,23:50:35
2019-05-11,00:05:35
2019-05-11,00:05:35
2019-05-11,00:05:35
2019-05-11,00:05:37
2019-05-11,00:07:50
2019-05-11,00:12:05
2019-05-11,00:20:35
2019-05-11,00:35:35
2019-05-11,00:37:51
2019-05-11,00:50:35
2019-05-11,00:56:45
2019-05-11,00:56:48
2019-05-11,00:56:56
2019-05-11,01:07:50
2019-05-11,01:11:51
2019-05-11,01:11:51
2019-05-11,01:11:53
2019-05-11,01:19:53
2019-05-11,01:26:51
2019-05-11,01:32:03
2019-05-11,01:32:03
2019-05-11,01:32:03
2019-05-11,01:37:51
2019-05-11,01:39:53
2019-05-11,01:49:48
2019-05-11,01:49:48
2019-05-11,01:49:55
2019-05-11,01:49:55
2019-05-11,01:49:55
2019-05-11,01:50:07
2019-05-11,02:18:33
2019-05-11,02:18:33
2019-05-11,02:18:35
2019-05-11,02:18:37
2019-05-11,02:18:41
2019-05-11,02:18:51
2019-05-11,02:18:51
2019-05-11,02:18:57
2019-05-11,02:19:07
2019-05-11,02:19:07
2019-05-11,02:19:29
2019-05-11,02:20:35
2019-05-11,02:37:20
2019-05-11,02:46:24
2019-05-11,02:46:38
2019-05-11,02:48:32
2019-05-11,02:48:33
2019-05-11,02:54:02
2019-05-11,03:03:36
2019-05-11,03:05:27
2019-05-11,03:12:13
2019-05-11,03:18:39
2019-05-11,03:20:35
2019-05-11,03:22:47
2019-05-11,03:22:47
2019-05-11,03:22:47
2019-05-11,03:30:59
2019-05-11,03:39:53
2019-05-11,03:40:11
2019-05-11,03:40:20
2019-05-11,03:40:23
2019-05-11,03:40:26
2019-05-11,03:46:03
2019-05-11,03:48:32
2019-05-11,03:50:28
2019-05-11,03:51:30
2019-05-11,03:57:46
2019-05-11,04:01:00
2019-05-11,04:01:37
2019-05-11,04:03:16
2019-05-11,04:03:16
2019-05-11,04:03:16
2019-05-11,04:03:27
2019-05-11,08:49:27
2019-05-11,08:49:27
2019-05-11,08:49:29
2019-05-11,08:49:31
2019-05-11,08:49:35
2019-05-11,08:49:36
2019-05-11,08:49:41
2019-05-11,08:49:46
2019-05-11,08:49:46
2019-05-11,08:50:02
2019-05-11,08:50:08
2019-05-11,08:50:16
2019-05-11,08:50:16
2019-05-11,08:50:35
2019-05-11,08:51:30
2019-05-11,08:59:28
2019-05-11,09:00:29
2019-05-11,09:04:08
2019-05-11,09:06:08
2019-05-11,09:19:29
2019-05-11,09:20:08
2019-05-11,09:36:08
2019-05-11,09:44:24
2019-05-11,09:44:38
2019-05-11,09:46:25
2019-05-11,09:49:30
2019-05-11,09:50:08
2019-05-11,09:51:45
2019-05-11,09:51:57
2019-05-11,09:57:38
2019-05-11,10:02:46
2019-05-11,10:03:26
2019-05-11,10:06:08
2019-05-11,10:19:27
2019-05-11,10:20:08
2019-05-11,10:20:47
2019-05-11,10:21:22
2019-05-11,10:25:42
2019-05-11,10:27:08
2019-05-11,10:32:57
2019-05-11,10:32:57
2019-05-11,10:33:01
2019-05-11,10:36:08
2019-05-11,10:49:31
2019-05-11,10:50:08
2019-05-11,11:04:08
2019-05-11,11:04:11
2019-05-11,11:06:08
2019-05-11,11:19:27
2019-05-11,11:20:08
2019-05-11,11:36:08
2019-05-11,11:40:35
2019-05-11,11:40:37
2019-05-11,11:43:17
2019-05-11,11:43:21
2019-05-11,11:43:21
2019-05-11,11:43:33
2019-05-11,11:44:05
2019-05-11,11:49:53
2019-05-11,12:05:06
2019-05-11,12:05:06
2019-05-11,12:05:09
2019-05-11,12:07:06
2019-05-11,12:11:29
2019-05-11,12:11:29
2019-05-11,12:11:30
2019-05-11,12:11:33
2019-05-11,12:11:36
2019-05-11,12:13:06
2019-05-11,12:14:33
2019-05-11,12:20:35
2019-05-11,12:35:06
2019-05-11,12:43:09
2019-05-11,12:45:32
2019-05-11,15:08:02
2019-05-11,15:08:02
2019-05-11,15:08:02
2019-05-11,15:08:03
2019-05-11,15:08:06
2019-05-11,15:08:06
2019-05-11,15:08:07
2019-05-11,15:08:08
2019-05-11,15:08:08
2019-05-11,15:08:09
2019-05-11,15:08:11
2019-05-11,15:08:27
2019-05-11,15:08:59
2019-05-11,15:14:39
2019-05-11,15:18:16
2019-05-11,15:18:17
2019-05-11,15:18:17
2019-05-11,15:35:57
2019-05-11,15:38:01
2019-05-11,15:38:02
2019-05-11,15:38:03
2019-05-11,15:46:09
2019-05-11,15:50:57
2019-05-11,16:05:57
2019-05-11,16:09:46
2019-05-11,16:09:55
2019-05-11,16:12:54
2019-05-11,16:13:13
2019-05-11,16:19:57
2019-05-11,16:25:41
2019-05-11,16:35:05
2019-05-11,16:38:03
2019-05-11,16:38:04
2019-05-11,16:49:53
2019-05-11,16:52:37
2019-05-11,18:19:12
2019-05-11,18:19:12
2019-05-11,18:19:15
2019-05-11,18:19:15
2019-05-11,18:19:23
2019-05-11,18:19:39
2019-05-11,18:20:12
2019-05-11,18:29:14
2019-05-11,18:30:10
2019-05-11,18:30:10
2019-05-11,18:30:11
2019-05-11,18:30:13
2019-05-11,18:35:41
2019-05-11,18:49:12
2019-05-11,18:49:53
2019-05-11,18:55:12
2019-05-11,18:55:17
2019-05-11,18:55:17
2019-05-11,18:56:52
2019-05-11,18:56:55
2019-05-11,19:03:41
2019-05-11,19:03:43
2019-05-11,19:05:41
2019-05-11,19:07:37
2019-05-11,19:19:14
2019-05-11,19:20:35
2019-05-11,19:27:34
2019-05-11,19:27:34
2019-05-11,19:35:41
2019-05-11,19:49:12
2019-05-11,19:51:29
2019-05-11,20:03:41
2019-05-11,20:03:43
2019-05-11,20:05:41
2019-05-11,20:14:26
2019-05-11,20:14:38
2019-05-11,20:14:38
2019-05-11,20:19:14
2019-05-11,20:20:35
2019-05-11,20:35:41
2019-05-11,20:49:12
2019-05-11,20:51:29
2019-05-11,21:03:41
2019-05-11,21:03:43
2019-05-11,21:05:41
2019-05-11,21:19:14
2019-05-11,21:20:35
2019-05-11,21:35:41
2019-05-11,21:49:12
2019-05-11,21:51:29
2019-05-11,22:03:41
2019-05-11,22:03:43
2019-05-11,22:05:41
2019-05-11,22:19:14
2019-05-11,22:19:53
2019-05-11,22:25:41
2019-05-11,22:35:41
2019-05-11,22:49:12
2019-05-11,22:51:29
2019-05-11,22:55:35
2019-05-11,23:03:41
2019-05-11,23:03:43
2019-05-11,23:05:41
2019-05-11,23:07:08
2019-05-11,23:19:14
2019-05-11,23:20:35
2019-05-11,23:29:56
2019-05-11,23:29:56
2019-05-11,23:35:40
2019-05-11,23:36:24
2019-05-11,23:36:24
2019-05-11,23:36:25
2019-05-11,23:36:27
2019-05-11,23:36:29
2019-05-11,23:49:12
2019-05-11,23:51:29
2019-05-12,00:03:40
2019-05-12,00:03:42
2019-05-12,00:05:40
2019-05-12,00:19:14
2019-05-12,00:20:35
2019-05-12,00:35:40
2019-05-12,00:49:12
2019-05-12,00:51:29
2019-05-12,00:51:30
2019-05-12,01:03:40
2019-05-12,01:03:42
2019-05-12,01:05:40
2019-05-12,01:19:14
2019-05-12,01:20:09
2019-05-12,01:36:09
2019-05-12,01:49:12
2019-05-12,01:49:53
2019-05-12,02:04:09
2019-05-12,02:04:11
2019-05-12,02:06:09
2019-05-12,02:19:14
2019-05-12,02:20:07
2019-05-12,02:34:37
2019-05-12,02:34:37
2019-05-12,02:36:07
2019-05-12,02:49:12
2019-05-12,02:50:30
2019-05-12,03:00:19
2019-05-12,03:00:19
2019-05-12,03:03:36
2019-05-12,03:03:38
2019-05-12,03:06:28
2019-05-12,03:10:42
2019-05-12,03:16:39
2019-05-12,03:17:59
2019-05-12,03:17:59
2019-05-12,03:19:00
2019-05-12,03:19:13
2019-05-12,03:28:59
2019-05-12,03:34:33
2019-05-12,03:36:28
2019-05-12,03:40:38
2019-05-12,03:41:31
2019-05-12,03:49:12
2019-05-12,03:50:28
2019-05-12,03:55:04
2019-05-12,04:03:52
2019-05-12,04:03:54
2019-05-12,04:04:44
2019-05-12,04:06:28
2019-05-12,04:16:10
2019-05-12,04:16:44
2019-05-12,04:19:14
2019-05-12,04:25:40
2019-05-12,04:36:28
2019-05-12,04:37:43
2019-05-12,04:37:43
2019-05-12,04:37:44
2019-05-12,04:37:47
2019-05-12,04:39:43
2019-05-12,04:41:26
2019-05-12,04:47:18
2019-05-12,04:49:12
2019-05-12,04:50:28
2019-05-12,04:54:28
2019-05-12,05:04:28
2019-05-12,05:04:30
2019-05-12,05:06:28
2019-05-12,05:19:14
2019-05-12,05:19:53
2019-05-12,05:36:28
2019-05-12,05:49:12
2019-05-12,05:50:28
2019-05-12,06:03:46
2019-05-12,06:04:28
2019-05-12,06:04:30
2019-05-12,06:06:28
2019-05-12,06:19:14
2019-05-12,06:20:28
2019-05-12,06:36:28
2019-05-12,06:49:12
2019-05-12,06:50:28
2019-05-12,06:59:47
2019-05-12,06:59:48
2019-05-12,07:04:28
2019-05-12,07:04:30
2019-05-12,07:05:58
2019-05-12,07:05:59
2019-05-12,07:16:14
2019-05-12,07:19:14
2019-05-12,07:29:49
2019-05-12,07:32:15
2019-05-12,07:49:12
2019-05-12,07:50:28
2019-05-12,08:04:28
2019-05-12,08:04:30
2019-05-12,08:06:28
2019-05-12,08:15:14
2019-05-12,08:19:14
2019-05-12,08:36:28
2019-05-12,08:47:55
2019-05-12,08:49:12
2019-05-12,08:49:53
2019-05-12,08:51:46
2019-05-12,08:51:46
2019-05-12,08:51:46
2019-05-12,09:04:53
2019-05-12,09:04:53
2019-05-12,09:04:55
2019-05-12,09:16:14
2019-05-12,09:19:13
2019-05-12,09:34:53
2019-05-12,09:49:12
2019-05-12,09:50:53
2019-05-12,10:03:26
2019-05-12,10:03:28
2019-05-12,10:04:53
2019-05-12,10:19:13
2019-05-12,10:20:35
2019-05-12,10:25:41
2019-05-12,10:34:53
2019-05-12,10:49:12
2019-05-12,10:50:53
2019-05-12,10:55:28
2019-05-12,11:04:53
2019-05-12,11:04:53
2019-05-12,11:04:55
2019-05-12,11:05:29
2019-05-12,11:16:14
2019-05-12,11:19:14
2019-05-12,11:34:53
2019-05-12,11:49:12
2019-05-12,11:50:53
2019-05-12,11:55:29
2019-05-12,12:04:53
2019-05-12,12:04:53
2019-05-12,12:04:55
2019-05-12,12:06:53
2019-05-12,12:19:13
2019-05-12,12:19:53
2019-05-12,12:35:09
2019-05-12,12:35:15
2019-05-12,12:35:15
2019-05-12,12:35:15
2019-05-12,12:35:15
2019-05-12,12:35:19
2019-05-12,13:29:52
2019-05-12,13:29:52
2019-05-12,13:29:54
2019-05-12,13:29:56
2019-05-12,13:30:00
2019-05-12,13:30:03
2019-05-12,13:30:03
2019-05-12,13:30:09
2019-05-12,13:30:25
2019-05-12,13:30:25
2019-05-12,13:30:32
2019-05-12,13:30:57
2019-05-12,13:31:54
2019-05-12,13:42:06
2019-05-12,13:43:39
2019-05-12,13:43:53
2019-05-12,13:45:00
2019-05-12,13:50:01
2019-05-12,13:59:51
2019-05-12,14:04:02
2019-05-12,14:04:04
2019-05-12,14:05:01
2019-05-12,14:20:01
2019-05-12,14:29:59
2019-05-12,14:31:08
2019-05-12,14:32:51
2019-05-12,16:20:23
2019-05-12,16:20:25
2019-05-12,16:20:33
2019-05-12,16:20:33
2019-05-12,16:20:34
2019-05-12,16:23:27
2019-05-12,19:23:39
2019-05-12,19:23:44
2019-05-13,01:00:01
2019-05-13,01:00:04
2019-05-13,01:00:04
2019-05-13,01:00:04
2019-05-13,01:00:15
2019-05-13,01:00:32
2019-05-13,01:01:04
2019-05-13,01:02:40
2019-05-13,01:02:54
2019-05-13,01:02:54
2019-05-13,01:02:58
2019-05-13,01:05:14
2019-05-13,01:05:30
2019-05-13,01:07:16
2019-05-13,01:19:32
2019-05-13,01:25:17
2019-05-13,01:29:56
2019-05-13,01:29:56
2019-05-13,01:29:57
2019-05-13,01:30:04
2019-05-13,01:33:02
2019-05-13,01:34:32
2019-05-13,01:42:07
2019-05-13,01:50:04
2019-05-13,01:53:52
2019-05-13,02:00:40
2019-05-13,02:00:48
2019-05-13,02:00:52
2019-05-13,02:02:33
2019-05-13,02:02:33
2019-05-13,02:02:34
2019-05-13,02:05:32
2019-05-13,02:13:22
2019-05-13,02:19:53
2019-05-13,02:29:56
2019-05-13,02:33:04
2019-05-13,02:38:39
2019-05-13,02:38:54
2019-05-13,02:38:54
2019-05-13,02:38:56
2019-05-13,02:39:23
2019-05-13,02:50:30
2019-05-13,02:54:03
2019-05-13,02:59:56
2019-05-13,02:59:56
2019-05-13,02:59:57
2019-05-13,03:00:02
2019-05-13,03:03:23
2019-05-13,03:05:27
2019-05-13,03:10:39
2019-05-13,03:20:30
2019-05-13,03:29:56
2019-05-13,03:35:30
2019-05-13,03:36:32
2019-05-13,03:41:52
2019-05-13,03:46:56
2019-05-13,03:50:30
2019-05-13,03:55:53
2019-05-13,03:55:53
2019-05-13,03:59:58
2019-05-13,04:02:52
2019-05-13,04:03:52
2019-05-13,04:20:30
2019-05-13,04:25:40
2019-05-13,04:29:56
2019-05-13,04:35:30
2019-05-13,04:50:30
2019-05-13,04:59:52
2019-05-13,04:59:57
2019-05-13,05:05:30
2019-05-13,05:05:30
2019-05-13,05:05:32
2019-05-13,05:09:56
2019-05-13,05:09:56
2019-05-13,05:09:56
2019-05-13,05:20:30
2019-05-13,05:23:34
2019-05-13,05:29:57
2019-05-13,05:31:45
2019-05-13,05:31:45
2019-05-13,05:35:30
2019-05-13,05:41:52
2019-05-13,05:48:56
2019-05-13,05:48:56
2019-05-13,05:56:44
2019-05-13,05:56:55
2019-05-13,05:58:52
2019-05-13,05:58:54
2019-05-13,05:59:58
2019-05-13,06:05:31
2019-05-13,06:20:30
2019-05-13,06:29:56
2019-05-13,06:31:00
2019-05-13,06:31:00
2019-05-13,06:50:30
2019-05-13,06:56:29
2019-05-13,09:18:25
2019-05-13,09:18:25
2019-05-13,09:18:27
2019-05-13,09:18:27
2019-05-13,09:18:29
2019-05-13,09:18:36
2019-05-13,09:18:52
2019-05-13,09:18:52
2019-05-13,09:18:52
2019-05-13,09:19:24
2019-05-13,09:21:22
2019-05-13,09:22:54
2019-05-13,09:23:00
2019-05-13,09:35:01
2019-05-13,09:48:15
2019-05-13,09:48:27
2019-05-13,10:01:02
2019-05-13,10:01:20
2019-05-13,10:03:26
2019-05-13,10:18:27
2019-05-13,10:20:01
2019-05-13,10:25:40
2019-05-13,10:26:45
2019-05-13,10:35:01
2019-05-13,10:42:05
2019-05-13,10:47:13
2019-05-13,10:48:27
2019-05-13,11:03:54
2019-05-13,11:04:54
2019-05-13,11:18:28
2019-05-13,11:19:54
2019-05-13,11:29:11
2019-05-13,11:29:11
2019-05-13,11:34:54
2019-05-13,11:48:27
2019-05-13,11:48:28
2019-05-13,11:49:53
2019-05-13,12:02:34
2019-05-13,12:05:06
2019-05-13,12:05:06
2019-05-13,12:08:38
2019-05-13,12:18:28
2019-05-13,12:20:35
2019-05-13,12:35:17
2019-05-13,12:48:26
2019-05-13,12:49:53
2019-05-13,13:04:25
2019-05-13,13:05:35
2019-05-13,13:17:35
2019-05-13,13:18:28
2019-05-13,13:20:35
2019-05-13,13:35:35
2019-05-13,13:48:26
2019-05-13,13:50:35
2019-05-13,14:00:01
2019-05-13,14:00:02
2019-05-13,14:00:46
2019-05-13,14:05:35
2019-05-13,14:11:35
2019-05-13,14:18:28
2019-05-13,14:20:35
2019-05-13,14:27:20
2019-05-13,14:35:35
2019-05-13,14:43:47
2019-05-13,14:48:26
2019-05-13,14:50:35
2019-05-13,14:53:35
2019-05-13,14:56:35
2019-05-13,14:56:55
2019-05-13,15:04:03
2019-05-13,15:04:06
2019-05-13,15:18:29
2019-05-13,15:20:35
2019-05-13,15:39:07
2019-05-13,15:48:27
2019-05-13,15:51:30
2019-05-13,16:09:14
2019-05-13,16:12:00
2019-05-13,16:17:23
2019-05-13,16:19:46
2019-05-13,16:19:52
2019-05-13,16:25:42
2019-05-13,16:27:22
2019-05-13,16:36:56
2019-05-13,16:42:16
2019-05-13,19:42:18
2019-05-13,19:42:19
2019-05-13,19:42:26
2019-05-13,19:42:31
2019-05-14,00:59:26
2019-05-14,00:59:29
2019-05-14,00:59:30
2019-05-14,00:59:30
2019-05-14,00:59:33
2019-05-14,00:59:41
2019-05-14,00:59:42
2019-05-14,00:59:58
2019-05-14,01:00:14
2019-05-14,01:00:14
2019-05-14,01:00:30
2019-05-14,01:02:05
2019-05-14,01:02:14
2019-05-14,01:02:25
2019-05-14,01:18:58
2019-05-14,01:19:42
2019-05-14,01:20:35
2019-05-14,01:26:03
2019-05-14,01:29:25
2019-05-14,01:29:51
2019-05-14,01:29:51
2019-05-14,01:30:02
2019-05-14,01:35:56
2019-05-14,01:38:33
2019-05-14,01:43:59
2019-05-14,01:49:56
2019-05-14,01:59:26
2019-05-14,02:01:31
2019-05-14,02:05:56
2019-05-14,02:15:32
2019-05-14,02:20:35
2019-05-14,02:29:03
2019-05-14,02:29:25
2019-05-14,02:29:28
2019-05-14,02:35:56
2019-05-14,02:42:48
2019-05-14,02:49:53
2019-05-14,02:53:56
2019-05-14,02:55:36
2019-05-14,02:57:14
2019-05-14,02:57:45
2019-05-14,02:59:26
2019-05-14,02:59:56
2019-05-14,02:59:56
2019-05-14,03:02:13
2019-05-14,03:03:21
2019-05-14,03:20:35
2019-05-14,03:29:25
2019-05-14,03:30:03
2019-05-14,03:30:18
2019-05-14,03:30:18
2019-05-14,03:33:16
2019-05-14,03:35:52
2019-05-14,03:50:52
2019-05-14,03:59:26
2019-05-14,04:01:07
2019-05-14,04:01:08
2019-05-14,04:01:08
2019-05-14,04:01:09
2019-05-14,04:01:11
2019-05-14,04:20:35
2019-05-14,04:25:40
2019-05-14,04:29:25
2019-05-14,04:35:52
2019-05-14,04:50:52
2019-05-14,04:59:26
2019-05-14,04:59:52
2019-05-14,05:05:52
2019-05-14,05:05:52
2019-05-14,05:20:35
2019-05-14,05:29:25
2019-05-14,05:35:52
2019-05-14,05:50:52
2019-05-14,05:52:18
2019-05-14,05:56:44
2019-05-14,05:56:55
2019-05-14,05:58:13
2019-05-14,05:58:25
2019-05-14,05:59:26
2019-05-14,06:03:26
2019-05-14,06:08:45
2019-05-14,06:08:45
2019-05-14,06:08:45
2019-05-14,06:19:53
2019-05-14,06:29:25
2019-05-14,06:35:26
2019-05-14,06:50:23
2019-05-14,06:50:23
2019-05-14,06:50:24
2019-05-14,06:59:26
2019-05-14,07:03:26
2019-05-14,07:04:28
2019-05-14,07:04:35
2019-05-14,07:16:22
2019-05-14,07:29:25
2019-05-14,07:31:47
2019-05-14,07:37:42
2019-05-14,07:43:42
2019-05-14,07:43:46
2019-05-14,07:51:29
2019-05-14,07:52:43
2019-05-14,07:59:26
2019-05-14,08:01:18
2019-05-14,08:04:42
2019-05-14,08:07:42
2019-05-14,08:20:35
2019-05-14,08:29:25
2019-05-14,08:29:41
2019-05-14,08:37:42
2019-05-14,08:50:52
2019-05-14,08:53:19
2019-05-14,08:53:19
2019-05-14,08:53:19
2019-05-14,08:55:52
2019-05-14,08:59:26
2019-05-14,09:04:42
2019-05-14,09:06:18
2019-05-14,09:13:34
2019-05-14,09:20:18
2019-05-14,09:20:26
2019-05-14,09:20:35
2019-05-14,09:29:25
2019-05-14,09:37:41
2019-05-14,09:43:15
2019-05-14,09:49:53
2019-05-14,09:59:27
2019-05-14,10:00:12
2019-05-14,10:01:18
2019-05-14,10:03:27
2019-05-14,10:07:38
2019-05-14,10:09:34
2019-05-14,10:20:35
2019-05-14,10:25:41
2019-05-14,10:29:25
2019-05-14,10:35:04
2019-05-14,10:51:29
2019-05-14,10:59:26
2019-05-14,11:00:42
2019-05-14,11:04:38
2019-05-14,11:07:38
2019-05-14,11:20:35
2019-05-14,11:29:07
2019-05-14,11:29:25
2019-05-14,11:37:32
2019-05-14,11:51:29
2019-05-14,11:59:27
2019-05-14,12:04:32
2019-05-14,12:05:05
2019-05-14,12:20:35
2019-05-14,12:29:25
2019-05-14,12:35:17
2019-05-14,12:39:13
2019-05-14,12:39:13
2019-05-14,12:40:02
2019-05-14,12:41:41
2019-05-14,12:41:44
2019-05-14,12:41:53
2019-05-14,12:42:09
2019-05-14,12:42:20
2019-05-14,12:42:20
2019-05-14,12:42:41
2019-05-14,12:50:45
2019-05-14,12:53:46
2019-05-14,12:58:39
2019-05-14,13:03:46
2019-05-14,13:05:45
2019-05-14,13:11:33
2019-05-14,13:11:36
2019-05-14,13:19:53
2019-05-14,13:31:34
2019-05-14,13:31:50
2019-05-14,13:41:36
2019-05-14,13:42:46
2019-05-14,13:50:45
2019-05-14,13:59:18
2019-05-14,14:03:46
2019-05-14,14:04:30
2019-05-14,14:04:33
2019-05-14,14:10:15
2019-05-14,14:11:36
2019-05-14,14:15:40
2019-05-14,14:20:35
2019-05-14,14:27:03
2019-05-14,14:33:13
2019-05-14,14:35:45
2019-05-14,14:39:13
2019-05-14,14:41:36
2019-05-14,14:41:37
2019-05-14,14:44:35
2019-05-14,14:50:08
2019-05-14,14:50:45
2019-05-14,14:53:46
2019-05-14,14:56:53
2019-05-14,14:59:56
2019-05-14,14:59:56
2019-05-14,15:04:04
2019-05-14,15:08:01
2019-05-14,15:11:36
2019-05-14,15:20:35
2019-05-14,15:39:07
2019-05-14,15:41:38
2019-05-14,15:51:25
2019-05-14,15:54:17
2019-05-14,15:54:20
2019-05-14,15:59:56
2019-05-14,16:03:46
2019-05-14,16:05:46
2019-05-14,16:11:35
2019-05-14,16:16:42
2019-05-14,16:17:02
2019-05-14,19:17:05
2019-05-14,19:17:13
2019-05-14,19:17:16
2019-05-15,02:02:27
2019-05-15,02:02:29
2019-05-15,02:02:33
2019-05-15,02:02:38
2019-05-15,02:02:40
2019-05-15,02:02:48
2019-05-15,02:03:04
2019-05-15,02:03:08
2019-05-15,02:03:08
2019-05-15,02:03:18
2019-05-15,02:03:36
2019-05-15,02:05:10
2019-05-15,02:05:10
2019-05-15,02:05:16
2019-05-15,02:05:36
2019-05-15,02:11:28
2019-05-15,02:11:28
2019-05-15,02:11:28
2019-05-15,02:11:40
2019-05-15,02:12:33
2019-05-15,02:20:35
2019-05-15,02:26:01
2019-05-15,02:26:02
2019-05-15,02:26:10
2019-05-15,02:26:11
2019-05-15,02:26:11
2019-05-15,02:33:42
2019-05-15,02:33:44
2019-05-15,02:50:35
2019-05-15,02:53:35
2019-05-15,02:54:32
2019-05-15,03:00:47
2019-05-15,03:03:21
2019-05-15,03:03:51
2019-05-15,03:03:56
2019-05-15,03:04:32
2019-05-15,03:08:50
2019-05-15,03:12:46
2019-05-15,03:19:53
2019-05-15,03:29:13
2019-05-15,03:32:29
2019-05-15,03:35:26
2019-05-15,03:48:49
2019-05-15,03:55:28
2019-05-15,03:55:29
2019-05-15,03:55:29
2019-05-15,04:02:31
2019-05-15,04:03:52
2019-05-15,04:05:02
2019-05-15,04:05:03
2019-05-15,04:20:26
2019-05-15,04:25:41
2019-05-15,04:32:28
2019-05-15,04:35:26
2019-05-15,04:49:13
2019-05-15,07:44:31
2019-05-15,07:44:34
2019-05-15,07:44:36
2019-05-15,07:44:42
2019-05-15,07:44:45
2019-05-15,07:44:45
2019-05-15,07:44:50
2019-05-15,07:45:06
2019-05-15,07:45:39
2019-05-15,07:50:36
2019-05-15,07:52:43
2019-05-15,07:56:41
2019-05-15,07:56:41
2019-05-15,07:56:41
2019-05-15,07:56:41
2019-05-15,07:58:21
2019-05-15,07:58:42
2019-05-15,08:04:31
2019-05-15,08:05:12
2019-05-15,08:08:05
2019-05-15,08:08:05
2019-05-15,08:08:05
2019-05-15,08:08:05
2019-05-15,08:09:09
2019-05-15,08:14:35
2019-05-15,08:15:14
2019-05-15,08:15:14
2019-05-15,08:15:21
2019-05-15,08:16:10
2019-05-15,08:26:41
2019-05-15,08:26:42
2019-05-15,08:26:42
2019-05-15,08:35:35
2019-05-15,08:44:36
2019-05-15,08:45:08
2019-05-15,08:50:35
2019-05-15,08:56:33
2019-05-15,09:04:24
2019-05-15,09:05:35
2019-05-15,09:07:19
2019-05-15,09:14:34
2019-05-15,09:19:46
2019-05-15,09:20:35
2019-05-15,09:35:35
2019-05-15,09:44:36
2019-05-15,09:45:38
2019-05-15,09:50:35
2019-05-15,10:01:43
2019-05-15,10:01:43
2019-05-15,10:03:26
2019-05-15,10:14:35
2019-05-15,10:19:53
2019-05-15,10:25:41
2019-05-15,10:31:44
2019-05-15,10:35:04
2019-05-15,10:44:36
2019-05-15,10:46:13
2019-05-15,10:46:13
2019-05-15,10:46:13
2019-05-15,10:50:35
2019-05-15,11:05:35
2019-05-15,11:05:35
2019-05-15,11:14:35
2019-05-15,11:16:07
2019-05-15,11:18:10
2019-05-15,11:18:11
2019-05-15,11:18:11
2019-05-15,11:36:51
2019-05-15,11:44:09
2019-05-15,11:44:36
2019-05-15,11:51:29
2019-05-15,12:03:51
2019-05-15,12:05:06
2019-05-15,12:06:51
2019-05-15,12:12:21
2019-05-15,12:12:42
2019-05-15,12:14:35
2019-05-15,12:20:35
2019-05-15,12:35:17
2019-05-15,12:44:36
2019-05-15,12:45:12
2019-05-15,12:51:29
2019-05-15,12:54:51
2019-05-15,13:00:07
2019-05-15,13:01:45
2019-05-15,13:02:08
2019-05-15,13:02:08
2019-05-15,13:06:51
2019-05-15,13:13:10
2019-05-15,13:13:10
2019-05-15,13:14:35
2019-05-15,13:16:02
2019-05-15,13:17:05
2019-05-15,13:17:05
2019-05-15,13:29:35
2019-05-15,13:29:38
2019-05-15,13:29:46
2019-05-15,13:35:49
2019-05-15,13:35:54
2019-05-15,13:42:51
2019-05-15,13:44:36
2019-05-15,13:45:39
2019-05-15,14:03:51
2019-05-15,14:06:30
2019-05-15,14:06:51
2019-05-15,14:08:13
2019-05-15,14:13:19
2019-05-15,14:14:35
2019-05-15,14:20:35
2019-05-15,14:36:51
2019-05-15,14:44:36
2019-05-15,14:51:29
2019-05-15,14:56:45
2019-05-15,14:56:55
2019-05-15,14:56:55
2019-05-15,14:56:55
2019-05-15,14:56:56
2019-05-15,15:04:03
2019-05-15,15:06:28
2019-05-15,15:06:44
2019-05-15,15:14:35
2019-05-15,15:17:06
2019-05-15,15:17:06
2019-05-15,15:20:32
2019-05-15,15:20:35
2019-05-15,15:22:40
2019-05-15,15:24:15
2019-05-15,15:24:21
2019-05-15,15:26:28
2019-05-15,15:27:06
2019-05-15,15:39:07
2019-05-15,15:44:37
2019-05-15,15:51:29
2019-05-15,16:11:01
2019-05-15,16:11:01
2019-05-15,16:14:35
2019-05-15,16:20:35
2019-05-15,16:25:42
2019-05-15,16:26:01
2019-05-15,16:37:53
2019-05-15,16:38:59
2019-05-15,19:39:02
2019-05-15,19:39:02
2019-05-15,19:39:11
2019-05-15,19:39:15
2019-05-16,00:14:36
2019-05-16,00:14:45
2019-05-16,00:14:48
2019-05-16,00:14:48
2019-05-16,00:14:56
2019-05-16,00:15:12
2019-05-16,00:15:44
2019-05-16,00:17:16
2019-05-16,00:17:17
2019-05-16,00:17:37
2019-05-16,00:18:08
2019-05-16,00:35:40
2019-05-16,00:44:37
2019-05-16,00:44:37
2019-05-16,00:44:37
2019-05-16,00:49:54
2019-05-16,00:49:55
2019-05-16,00:53:48
2019-05-16,00:56:56
2019-05-16,01:11:02
2019-05-16,01:11:03
2019-05-16,01:11:03
2019-05-16,01:14:04
2019-05-16,01:15:28
2019-05-16,01:15:33
2019-05-16,01:19:32
2019-05-16,01:20:02
2019-05-16,01:35:03
2019-05-16,01:42:27
2019-05-16,01:44:04
2019-05-16,01:44:37
2019-05-16,01:44:40
2019-05-16,01:49:56
2019-05-16,01:55:30
2019-05-16,01:55:54
2019-05-16,01:58:17
2019-05-16,01:58:28
2019-05-16,01:58:28
2019-05-16,01:59:50
2019-05-16,02:00:54
2019-05-16,02:05:03
2019-05-16,02:06:34
2019-05-16,02:11:03
2019-05-16,02:13:08
2019-05-16,02:14:38
2019-05-16,02:17:36
2019-05-16,02:19:39
2019-05-16,02:29:03
2019-05-16,02:29:31
2019-05-16,02:29:42
2019-05-16,02:29:42
2019-05-16,02:35:35
2019-05-16,02:37:20
2019-05-16,02:43:09
2019-05-16,02:44:37
2019-05-16,02:46:49
2019-05-16,02:47:17
2019-05-16,02:47:25
2019-05-16,02:47:25
2019-05-16,07:30:53
2019-05-16,07:30:53
2019-05-16,07:30:53
2019-05-16,07:30:53
2019-05-16,07:30:53
2019-05-16,07:30:53
2019-05-16,07:30:54
2019-05-16,07:30:54
2019-05-16,07:30:54
2019-05-16,07:30:54
2019-05-16,07:30:54
2019-05-16,07:30:54
2019-05-16,07:30:54
2019-05-16,07:30:54
2019-05-16,07:30:54
2019-05-16,07:30:54
2019-05-16,07:30:54
2019-05-16,07:30:54
2019-05-16,07:30:54
2019-05-16,07:30:54
2019-05-16,07:30:55
2019-05-16,07:30:55
2019-05-16,07:30:55
2019-05-16,07:30:55
2019-05-16,07:30:55
2019-05-16,07:30:55
2019-05-16,07:30:56
2019-05-16,07:30:56
2019-05-16,07:30:56
2019-05-16,07:30:56
2019-05-16,07:30:56
2019-05-16,07:30:56
2019-05-16,07:30:56
2019-05-16,07:30:56
2019-05-16,07:30:56
2019-05-16,07:30:57
2019-05-16,07:31:02
2019-05-16,07:31:06
2019-05-16,07:31:06
2019-05-16,07:31:06
2019-05-16,07:31:06
2019-05-16,07:31:09
2019-05-16,07:31:09
2019-05-16,07:31:10
2019-05-16,07:31:15
2019-05-16,07:31:16
2019-05-16,07:31:17
2019-05-16,07:31:28
2019-05-16,07:31:31
2019-05-16,07:31:40
2019-05-16,07:31:49
2019-05-16,07:31:49
2019-05-16,07:31:52
2019-05-16,07:31:54
2019-05-16,07:31:55
2019-05-16,07:32:00
2019-05-16,07:32:05
2019-05-16,07:32:12
2019-05-16,07:32:47
2019-05-16,07:33:02
2019-05-16,07:33:11
2019-05-16,07:33:12
2019-05-16,07:33:18
2019-05-16,07:33:20
2019-05-16,07:35:01
2019-05-16,07:38:55
2019-05-16,07:38:58
2019-05-16,07:41:07
2019-05-16,07:42:04
2019-05-16,07:42:24
2019-05-16,07:47:50
2019-05-16,07:50:18
2019-05-16,07:53:19
2019-05-16,08:01:08
2019-05-16,08:03:18
2019-05-16,08:03:51
2019-05-16,08:05:18
2019-05-16,08:07:17
2019-05-16,08:12:23
2019-05-16,08:16:47
2019-05-16,08:20:18
2019-05-16,08:30:27
2019-05-16,08:32:52
2019-05-16,08:33:07
2019-05-16,08:33:08
2019-05-16,08:33:52
2019-05-16,08:40:21
2019-05-16,08:44:30
2019-05-16,08:50:18
2019-05-16,08:53:19
2019-05-16,09:00:22
2019-05-16,09:03:19
2019-05-16,09:03:51
2019-05-16,09:05:18
2019-05-16,09:19:57
2019-05-16,09:32:54
2019-05-16,09:33:52
2019-05-16,09:35:55
2019-05-16,09:35:56
2019-05-16,09:35:56
2019-05-16,09:36:00
2019-05-16,09:36:05
2019-05-16,09:36:34
2019-05-16,09:36:34
2019-05-16,09:39:45
2019-05-16,09:48:11
2019-05-16,10:03:01
2019-05-16,10:03:19
2019-05-16,10:03:22
2019-05-16,10:03:51
2019-05-16,10:05:18
2019-05-16,10:08:05
2019-05-16,10:14:37
2019-05-16,10:20:18
2019-05-16,10:21:39
2019-05-16,10:25:42
2019-05-16,10:28:11
2019-05-16,10:33:53
2019-05-16,10:35:44
2019-05-16,10:41:56
2019-05-16,10:47:15
2019-05-16,10:47:17
2019-05-16,10:47:20
2019-05-16,13:33:20
2019-05-16,13:33:23
2019-05-16,13:33:23
2019-05-16,13:33:23
2019-05-16,13:33:24
2019-05-16,13:33:27
2019-05-16,13:33:32
2019-05-16,13:33:37
2019-05-16,13:33:37
2019-05-16,13:33:48
2019-05-16,13:34:20
2019-05-16,13:36:20
2019-05-16,13:43:24
2019-05-16,13:43:51
2019-05-16,13:43:52
2019-05-16,13:43:52
2019-05-16,13:43:53
2019-05-16,13:43:54
2019-05-16,13:49:34
2019-05-16,13:50:05
2019-05-16,13:50:36
2019-05-16,13:50:49
2019-05-16,13:50:49
2019-05-16,13:51:06
2019-05-16,13:51:36
2019-05-16,13:56:49
2019-05-16,14:03:19
2019-05-16,14:03:20
2019-05-16,14:03:20
2019-05-16,14:03:21
2019-05-16,14:03:21
2019-05-16,14:03:21
2019-05-16,14:03:52
2019-05-16,14:05:49
2019-05-16,14:17:26
2019-05-16,14:20:49
2019-05-16,14:20:49
2019-05-16,14:33:22
2019-05-16,14:35:49
2019-05-16,14:35:50
2019-05-16,14:43:04
2019-05-16,14:49:01
2019-05-16,14:50:49
2019-05-16,14:56:49
2019-05-16,15:03:21
2019-05-16,15:03:50
2019-05-16,15:03:52
2019-05-16,15:04:03
2019-05-16,15:04:50
2019-05-16,15:04:50
2019-05-16,15:05:23
2019-05-16,15:19:19
2019-05-16,15:20:49
2019-05-16,15:31:26
2019-05-16,15:31:50
2019-05-16,15:33:23
2019-05-16,15:33:23
2019-05-16,15:33:23
2019-05-16,15:49:03
2019-05-16,15:50:49
2019-05-16,15:56:49
2019-05-16,15:59:07
2019-05-16,15:59:07
2019-05-16,16:03:21
2019-05-16,16:03:50
2019-05-16,16:03:52
2019-05-16,16:05:49
2019-05-16,16:20:49
2019-05-16,16:20:49
2019-05-16,16:25:41
2019-05-16,16:34:11
2019-05-16,16:34:15
2019-05-16,16:35:49
2019-05-16,16:43:23
2019-05-16,16:43:23
2019-05-16,16:43:24
2019-05-16,16:53:50
2019-05-16,17:03:21
2019-05-16,17:03:50
2019-05-16,17:03:52
2019-05-16,17:12:00
2019-05-16,17:12:00
2019-05-16,17:13:24
2019-05-16,17:20:00
2019-05-16,17:20:01
2019-05-16,17:31:26
2019-05-16,17:33:09
2019-05-16,17:33:09
2019-05-16,17:33:22
2019-05-16,17:41:50
2019-05-16,17:49:03
2019-05-16,17:50:49
2019-05-16,17:56:49
2019-05-16,18:03:21
2019-05-16,18:03:50
2019-05-16,18:03:52
2019-05-16,18:04:03
2019-05-16,18:05:49
2019-05-16,18:15:45
2019-05-16,18:20:49
2019-05-16,18:20:49
2019-05-16,18:31:28
2019-05-16,18:33:23
2019-05-16,18:35:49
2019-05-16,18:49:04
2019-05-16,18:50:49
2019-05-16,19:03:21
2019-05-16,19:03:50
2019-05-16,19:03:52
2019-05-16,19:05:50
2019-05-16,19:05:50
2019-05-16,19:20:50
2019-05-16,19:20:50
2019-05-16,19:21:00
2019-05-16,19:21:00
2019-05-16,19:31:26
2019-05-16,19:33:22
2019-05-16,19:34:03
2019-05-16,19:41:50
2019-05-16,19:49:03
2019-05-16,19:50:50
2019-05-16,19:56:50
2019-05-16,20:03:21
2019-05-16,20:03:50
2019-05-16,20:03:52
2019-05-16,20:04:03
2019-05-16,20:05:50
2019-05-16,20:14:50
2019-05-16,20:20:50
2019-05-16,20:20:50
2019-05-16,20:33:23
2019-05-16,20:35:50
2019-05-16,20:35:50
2019-05-16,20:50:50
2019-05-16,20:50:50
2019-05-16,21:03:21
2019-05-16,21:03:50
2019-05-16,21:03:52
2019-05-16,21:04:03
2019-05-16,21:05:50
2019-05-16,21:19:04
2019-05-16,21:20:50
2019-05-16,21:31:27
2019-05-16,21:31:28
2019-05-16,21:32:40
2019-05-16,21:33:22
2019-05-16,21:41:50
2019-05-16,21:50:50
2019-05-16,21:50:50
2019-05-16,22:03:21
2019-05-16,22:03:50
2019-05-16,22:03:52
2019-05-16,22:04:03
2019-05-16,22:05:50
2019-05-16,22:20:50
2019-05-16,22:20:50
2019-05-16,22:25:41
2019-05-16,22:33:22
2019-05-16,22:35:50
2019-05-16,22:35:50
2019-05-16,22:49:04
2019-05-16,22:50:50
2019-05-16,23:03:21
2019-05-16,23:03:50
2019-05-16,23:03:52
2019-05-16,23:04:04
2019-05-16,23:05:50
2019-05-16,23:20:50
2019-05-16,23:20:50
2019-05-16,23:31:26
2019-05-16,23:33:22
2019-05-16,23:34:03
2019-05-16,23:41:50
2019-05-16,23:49:03
2019-05-16,23:50:50
2019-05-17,00:03:21
2019-05-17,00:03:50
2019-05-17,00:03:52
2019-05-17,00:04:04
2019-05-17,00:05:50
2019-05-17,00:14:50
2019-05-17,00:20:50
2019-05-17,00:31:28
2019-05-17,00:33:22
2019-05-17,00:35:50
2019-05-17,00:50:50
2019-05-17,00:50:50
2019-05-17,01:03:21
2019-05-17,01:03:50
2019-05-17,01:03:52
2019-05-17,01:04:04
2019-05-17,01:05:50
2019-05-17,01:19:50
2019-05-17,01:19:50
2019-05-17,01:20:30
2019-05-17,01:31:26
2019-05-17,01:31:50
2019-05-17,01:31:50
2019-05-17,01:33:22
2019-05-17,01:41:50
2019-05-17,01:49:04
2019-05-17,01:50:49
2019-05-17,01:53:38
2019-05-17,02:03:21
2019-05-17,02:03:50
2019-05-17,02:03:52
2019-05-17,02:04:05
2019-05-17,02:05:49
2019-05-17,02:11:12
2019-05-17,02:17:27
2019-05-17,02:20:50
2019-05-17,02:30:05
2019-05-17,02:33:22
2019-05-17,02:35:50
2019-05-17,02:45:44
2019-05-17,02:50:50
2019-05-17,02:50:50
2019-05-17,02:53:38
2019-05-17,03:03:21
2019-05-17,03:03:50
2019-05-17,03:03:52
2019-05-17,03:04:05
2019-05-17,03:05:50
2019-05-17,03:14:30
2019-05-17,03:14:30
2019-05-17,03:14:30
2019-05-17,03:20:50
2019-05-17,03:25:15
2019-05-17,03:26:07
2019-05-17,03:31:26
2019-05-17,03:32:32
2019-05-17,03:32:33
2019-05-17,03:32:38
2019-05-17,03:32:38
2019-05-17,03:33:22
2019-05-17,03:38:47
2019-05-17,03:43:21
2019-05-17,03:49:46
2019-05-17,03:50:50
2019-05-17,03:55:22
2019-05-17,03:55:22
2019-05-17,03:55:23
2019-05-17,03:58:33
2019-05-17,04:00:31
2019-05-17,04:03:21
2019-05-17,04:03:50
2019-05-17,04:05:50
2019-05-17,04:20:50
2019-05-17,04:25:40
2019-05-17,04:33:22
2019-05-17,04:35:50
2019-05-17,04:50:50
2019-05-17,04:51:12
2019-05-17,04:51:12
2019-05-17,04:51:12
2019-05-17,04:51:12
2019-05-17,05:03:21
2019-05-17,05:03:50
2019-05-17,05:03:52
2019-05-17,05:05:50
2019-05-17,05:20:50
2019-05-17,05:23:39
2019-05-17,05:31:22
2019-05-17,05:31:26
2019-05-17,05:33:22
2019-05-17,05:50:50
2019-05-17,06:03:21
2019-05-17,06:03:50
2019-05-17,06:03:52
2019-05-17,06:05:50
2019-05-17,06:20:50
2019-05-17,06:33:22
2019-05-17,06:35:50
2019-05-17,06:50:50
2019-05-17,07:03:21
2019-05-17,07:03:50
2019-05-17,07:03:52
2019-05-17,07:05:50
2019-05-17,07:20:50
2019-05-17,07:31:26
2019-05-17,07:32:37
2019-05-17,07:33:22
2019-05-17,07:50:50
2019-05-17,08:02:37
2019-05-17,08:03:21
2019-05-17,08:03:52
2019-05-17,08:05:50
2019-05-17,08:20:50
2019-05-17,08:33:22
2019-05-17,08:35:50
2019-05-17,08:41:48
2019-05-17,08:50:50
2019-05-17,09:03:21
2019-05-17,09:03:50
2019-05-17,09:03:52
2019-05-17,09:05:40
2019-05-17,09:05:40
2019-05-17,09:05:40
2019-05-17,09:05:43
2019-05-17,09:20:50
2019-05-17,09:30:50
2019-05-17,09:33:22
2019-05-17,09:35:50
2019-05-17,09:50:50
2019-05-17,10:03:21
2019-05-17,10:03:50
2019-05-17,10:03:52
2019-05-17,10:05:50
2019-05-17,10:13:32
2019-05-17,10:13:32
2019-05-17,10:20:50
2019-05-17,10:25:41
2019-05-17,10:30:23
2019-05-17,10:33:22
2019-05-17,10:35:50
2019-05-17,10:44:45
2019-05-17,10:44:45
2019-05-17,10:44:45
2019-05-17,10:46:00
2019-05-17,10:46:37
2019-05-17,10:47:26
2019-05-17,10:50:50
2019-05-17,11:03:21
2019-05-17,11:03:50
2019-05-17,11:03:52
2019-05-17,11:05:50
2019-05-17,11:20:50
2019-05-17,11:32:41
2019-05-17,11:33:22
2019-05-17,11:34:50
2019-05-17,11:35:33
2019-05-17,11:50:50
2019-05-17,12:03:21
2019-05-17,12:03:50
2019-05-17,12:03:52
2019-05-17,12:05:50
2019-05-17,12:05:50
2019-05-17,12:20:50
2019-05-17,12:33:22
2019-05-17,12:35:50
2019-05-17,12:44:57
2019-05-17,12:44:57
2019-05-17,12:50:50
2019-05-17,12:53:50
2019-05-17,13:03:21
2019-05-17,13:03:50
2019-05-17,13:03:52
2019-05-17,13:05:50
2019-05-17,13:20:50
2019-05-17,13:30:22
2019-05-17,13:33:23
2019-05-17,13:35:50
2019-05-17,13:41:50
2019-05-17,13:50:50
2019-05-17,13:56:27
2019-05-17,14:02:44
2019-05-17,14:03:21
2019-05-17,14:03:52
2019-05-17,14:05:50
2019-05-17,14:12:18
2019-05-17,14:17:38
2019-05-17,14:20:50
2019-05-17,14:33:23
2019-05-17,14:35:50
2019-05-17,14:50:50
2019-05-17,15:03:21
2019-05-17,15:03:50
2019-05-17,15:03:52
2019-05-17,15:04:51
2019-05-17,15:04:51
2019-05-17,15:04:51
2019-05-17,15:05:24
2019-05-17,15:20:50
2019-05-17,15:31:06
2019-05-17,15:31:06
2019-05-17,15:31:06
2019-05-17,15:31:07
2019-05-17,15:31:09
2019-05-17,15:33:22
2019-05-17,15:33:23
2019-05-17,15:33:23
2019-05-17,15:41:50
2019-05-17,15:50:50
2019-05-17,15:59:07
2019-05-17,15:59:07
2019-05-17,15:59:08
2019-05-17,16:03:21
2019-05-17,16:03:50
2019-05-17,16:03:52
2019-05-17,16:05:50
2019-05-17,16:19:39
2019-05-17,16:19:40
2019-05-17,16:19:51
2019-05-17,16:19:53
2019-05-17,16:45:40
2019-05-17,16:45:48
2019-05-17,16:46:04
2019-05-17,16:46:36
2019-05-17,16:48:32
2019-05-17,16:50:34
2019-05-17,17:01:01
2019-05-17,17:01:02
2019-05-17,17:01:02
2019-05-17,17:01:02
2019-05-17,17:01:59
2019-05-17,17:01:59
2019-05-17,17:01:59
2019-05-17,17:01:59
2019-05-17,17:01:59
2019-05-17,17:01:59
2019-05-17,17:01:59
2019-05-17,17:01:59
2019-05-17,17:02:03
2019-05-17,17:02:03
2019-05-17,17:02:03
2019-05-17,17:02:03
2019-05-17,17:02:03
2019-05-17,17:02:03
2019-05-17,17:02:03
2019-05-17,17:02:03
2019-05-17,17:02:03
2019-05-17,17:02:03
2019-05-17,17:02:03
2019-05-17,17:02:03
2019-05-17,17:02:03
2019-05-17,17:02:03
2019-05-17,17:02:03
2019-05-17,17:02:03
2019-05-17,17:02:03
2019-05-17,17:02:03
2019-05-17,17:02:03
2019-05-17,17:02:03
2019-05-17,17:02:03
2019-05-17,17:02:03
2019-05-17,17:02:03
2019-05-17,17:02:04
2019-05-17,17:02:04
2019-05-17,17:02:04
2019-05-17,17:02:04
2019-05-17,17:02:06
2019-05-17,17:02:09
2019-05-17,17:02:09
2019-05-17,17:02:10
2019-05-17,17:02:10
2019-05-17,17:02:11
2019-05-17,17:02:12
2019-05-17,17:02:13
2019-05-17,17:02:13
2019-05-17,17:02:15
2019-05-17,17:02:23
2019-05-17,17:02:34
2019-05-17,17:02:35
2019-05-17,17:02:36
2019-05-17,17:02:52
2019-05-17,17:02:56
2019-05-17,17:02:56
2019-05-17,17:03:08
2019-05-17,17:03:24
2019-05-17,17:03:54
2019-05-17,17:04:06
2019-05-17,17:04:09
2019-05-17,17:04:10
2019-05-17,17:04:11
2019-05-17,17:04:11
2019-05-17,17:04:11
2019-05-17,17:04:12
2019-05-17,17:05:03
2019-05-17,17:06:04
2019-05-17,17:12:29
2019-05-17,17:12:29
2019-05-17,17:17:22
2019-05-17,17:20:04
2019-05-17,17:20:24
2019-05-17,17:20:27
2019-05-17,17:28:36
2019-05-17,17:28:37
2019-05-17,17:29:53
2019-05-17,17:29:53
2019-05-17,17:35:04
2019-05-17,17:38:18
2019-05-17,17:42:04
2019-05-17,17:42:04
2019-05-17,17:47:22
2019-05-17,17:49:35
2019-05-17,17:50:04
2019-05-17,18:02:23
2019-05-17,18:04:04
2019-05-17,18:04:06
2019-05-17,18:05:04
2019-05-17,18:17:23
2019-05-17,18:19:35
2019-05-17,18:20:59
2019-05-17,18:32:24
2019-05-17,18:35:27
2019-05-17,18:47:24
2019-05-17,18:49:35
2019-05-17,18:50:27
2019-05-17,19:02:11
2019-05-17,19:02:11
2019-05-17,19:04:11
2019-05-17,19:04:13
2019-05-17,19:05:27
2019-05-17,19:05:27
2019-05-17,19:07:03
2019-05-17,19:07:04
2019-05-17,19:19:16
2019-05-17,19:19:35
2019-05-17,19:20:27
2019-05-17,19:25:27
2019-05-17,19:32:24
2019-05-17,19:35:27
2019-05-17,19:45:27
2019-05-17,19:46:57
2019-05-17,19:47:08
2019-05-17,19:47:08
2019-05-17,19:47:11
2019-05-17,19:47:15
2019-05-17,19:49:35
2019-05-17,19:50:27
2019-05-17,20:00:27
2019-05-17,20:04:11
2019-05-17,20:05:02
2019-05-17,20:05:02
2019-05-17,20:15:27
2019-05-17,20:15:27
2019-05-17,20:19:35
2019-05-17,20:25:27
2019-05-17,20:32:23
2019-05-17,20:35:27
2019-05-17,20:47:23
2019-05-17,20:49:35
2019-05-17,20:50:27
2019-05-17,21:02:24
2019-05-17,21:04:11
2019-05-17,21:04:13
2019-05-17,21:05:27
2019-05-17,21:17:24
2019-05-17,21:19:16
2019-05-17,21:19:35
2019-05-17,21:20:27
2019-05-17,21:29:23
2019-05-17,21:35:27
2019-05-17,21:45:27
2019-05-17,21:49:35
2019-05-17,21:50:27
2019-05-17,22:03:07
2019-05-17,22:03:07
2019-05-17,22:04:11
2019-05-17,22:04:13
2019-05-17,22:14:30
2019-05-17,22:14:30
2019-05-17,22:19:35
2019-05-17,22:20:27
2019-05-17,22:25:27
2019-05-17,22:25:41
2019-05-17,22:35:27
2019-05-17,22:35:27
2019-05-17,22:49:35
2019-05-17,22:50:27
2019-05-17,22:50:27
2019-05-17,22:59:26
2019-05-17,22:59:26
2019-05-17,22:59:26
2019-05-17,23:04:11
2019-05-17,23:04:13
2019-05-17,23:17:23
2019-05-17,23:19:16
2019-05-17,23:19:35
2019-05-17,23:25:27
2019-05-17,23:49:35
2019-05-17,23:56:46
2019-05-17,23:56:46
2019-05-18,00:04:11
2019-05-18,00:04:13
2019-05-18,00:15:27
2019-05-18,00:19:35
2019-05-18,00:20:27
2019-05-18,00:25:27
2019-05-18,00:35:27
2019-05-18,00:49:35
2019-05-18,00:50:27
2019-05-18,00:56:45
2019-05-18,00:56:45
2019-05-18,01:04:11
2019-05-18,01:04:13
2019-05-18,01:14:22
2019-05-18,01:14:22
2019-05-18,01:19:35
2019-05-18,01:20:20
2019-05-18,01:28:54
2019-05-18,01:49:35
2019-05-18,01:59:07
2019-05-18,01:59:07
2019-05-18,02:04:00
2019-05-18,02:04:02
2019-05-18,02:05:19
2019-05-18,02:07:59
2019-05-18,02:17:24
2019-05-18,02:19:35
2019-05-18,02:20:01
2019-05-18,02:30:32
2019-05-18,02:49:35
2019-05-18,02:50:01
2019-05-18,03:02:26
2019-05-18,03:03:08
2019-05-18,03:03:09
2019-05-18,03:04:11
2019-05-18,03:04:13
2019-05-18,03:10:20
2019-05-18,03:14:06
2019-05-18,03:19:17
2019-05-18,03:19:35
2019-05-18,03:25:20
2019-05-18,03:25:20
2019-05-18,03:41:11
2019-05-18,03:49:35
2019-05-18,03:50:20
2019-05-18,03:52:43
2019-05-18,03:55:41
2019-05-18,04:00:45
2019-05-18,04:04:11
2019-05-18,04:04:13
2019-05-18,04:15:54
2019-05-18,04:15:54
2019-05-18,04:19:35
2019-05-18,04:23:24
2019-05-18,04:25:40
2019-05-18,04:40:20
2019-05-18,04:49:35
2019-05-18,04:49:45
2019-05-18,04:49:45
2019-05-18,04:56:07
2019-05-18,04:56:07
2019-05-18,05:04:11
2019-05-18,05:04:13
2019-05-18,05:05:20
2019-05-18,05:09:12
2019-05-18,05:15:28
2019-05-18,05:19:35
2019-05-18,05:25:20
2019-05-18,05:28:25
2019-05-18,05:33:51
2019-05-18,05:49:35
2019-05-18,05:50:20
2019-05-18,05:52:43
2019-05-18,06:04:11
2019-05-18,06:04:13
2019-05-18,06:05:20
2019-05-18,06:10:20
2019-05-18,06:17:42
2019-05-18,06:17:42
2019-05-18,06:19:35
2019-05-18,06:25:20
2019-05-18,06:25:20
2019-05-18,06:32:25
2019-05-18,06:35:47
2019-05-18,06:43:31
2019-05-18,06:43:31
2019-05-18,06:49:35
2019-05-18,06:50:47
2019-05-18,07:02:25
2019-05-18,07:04:11
2019-05-18,07:04:13
2019-05-18,07:05:47
2019-05-18,07:14:10
2019-05-18,07:14:10
2019-05-18,07:14:11
2019-05-18,07:19:17
2019-05-18,07:19:35
2019-05-18,07:20:47
2019-05-18,07:22:45
2019-05-18,07:22:48
2019-05-18,07:22:48
2019-05-18,07:22:48
2019-05-18,07:31:48
2019-05-18,07:39:32
2019-05-18,07:44:35
2019-05-18,07:45:47
2019-05-18,07:49:35
2019-05-18,07:50:47
2019-05-18,08:00:47
2019-05-18,08:04:11
2019-05-18,08:04:13
2019-05-18,08:05:47
2019-05-18,08:15:33
2019-05-18,08:19:35
2019-05-18,08:20:47
2019-05-18,08:25:47
2019-05-18,08:35:47
2019-05-18,08:47:26
2019-05-18,08:49:35
2019-05-18,08:50:47
2019-05-18,09:00:47
2019-05-18,09:02:12
2019-05-18,09:02:13
2019-05-18,09:02:13
2019-05-18,09:03:07
2019-05-18,09:03:07
2019-05-18,09:03:08
2019-05-18,09:03:11
2019-05-18,09:04:11
2019-05-18,09:04:13
2019-05-18,09:05:47
2019-05-18,09:15:58
2019-05-18,09:19:17
2019-05-18,09:19:35
2019-05-18,09:25:47
2019-05-18,09:25:47
2019-05-18,09:27:55
2019-05-18,09:35:47
2019-05-18,09:45:47
2019-05-18,09:49:35
2019-05-18,09:50:47
2019-05-18,10:02:26
2019-05-18,10:04:11
2019-05-18,10:04:13
2019-05-18,10:05:47
2019-05-18,10:17:26
2019-05-18,10:19:35
2019-05-18,10:21:10
2019-05-18,10:25:41
2019-05-18,10:26:10
2019-05-18,10:32:26
2019-05-18,10:36:10
2019-05-18,10:47:27
2019-05-18,10:49:35
2019-05-18,10:50:38
2019-05-18,11:04:11
2019-05-18,11:04:13
2019-05-18,11:06:38
2019-05-18,11:06:38
2019-05-18,11:15:33
2019-05-18,11:19:16
2019-05-18,11:19:35
2019-05-18,11:20:38
2019-05-18,11:32:26
2019-05-18,11:36:38
2019-05-18,11:42:38
2019-05-18,11:49:35
2019-05-18,11:50:38
2019-05-18,12:02:27
2019-05-18,12:04:11
2019-05-18,12:04:13
2019-05-18,12:06:38
2019-05-18,12:06:38
2019-05-18,12:17:27
2019-05-18,12:19:35
2019-05-18,12:20:38
2019-05-18,12:36:38
2019-05-18,12:36:38
2019-05-18,12:47:26
2019-05-18,12:49:35
2019-05-18,12:50:38
2019-05-18,13:02:27
2019-05-18,13:04:11
2019-05-18,13:04:13
2019-05-18,13:06:38
2019-05-18,13:17:27
2019-05-18,13:19:16
2019-05-18,13:19:35
2019-05-18,13:21:17
2019-05-18,13:27:28
2019-05-18,13:27:29
2019-05-18,13:36:38
2019-05-18,13:42:38
2019-05-18,13:42:39
2019-05-18,13:49:35
2019-05-18,13:50:38
2019-05-18,13:56:38
2019-05-18,14:02:28
2019-05-18,14:04:00
2019-05-18,14:04:02
2019-05-18,14:06:38
2019-05-18,14:15:33
2019-05-18,14:19:35
2019-05-18,14:20:38
2019-05-18,14:20:38
2019-05-18,14:23:36
2019-05-18,14:32:27
2019-05-18,14:36:38
2019-05-18,14:47:27
2019-05-18,14:49:35
2019-05-18,14:50:26
2019-05-18,14:50:26
2019-05-18,14:56:15
2019-05-18,14:56:16
2019-05-18,15:02:31
2019-05-18,15:03:18
2019-05-18,15:04:11
2019-05-18,15:04:12
2019-05-18,15:04:12
2019-05-18,15:04:13
2019-05-18,15:17:27
2019-05-18,15:17:42
2019-05-18,15:19:35
2019-05-18,15:23:09
2019-05-18,15:35:09
2019-05-18,15:41:09
2019-05-18,15:49:35
2019-05-18,15:50:26
2019-05-18,15:51:09
2019-05-18,15:57:09
2019-05-18,15:59:08
2019-05-18,15:59:08
2019-05-18,15:59:08
2019-05-18,16:03:09
2019-05-18,16:03:11
2019-05-18,16:05:09
2019-05-18,16:05:24
2019-05-18,16:10:35
2019-05-18,16:19:35
2019-05-18,16:21:09
2019-05-18,16:25:41
2019-05-18,16:32:27
2019-05-18,16:35:09
2019-05-18,16:47:27
2019-05-18,16:47:58
2019-05-18,16:49:35
2019-05-18,16:51:09
2019-05-18,16:57:09
2019-05-18,17:05:09
2019-05-18,17:18:37
2019-05-18,17:18:48
2019-05-18,17:19:35
2019-05-18,17:22:56
2019-05-18,17:22:56
2019-05-18,17:22:59
2019-05-18,17:26:59
2019-05-18,17:30:11
2019-05-18,17:30:11
2019-05-18,17:30:11
2019-05-18,17:30:13
2019-05-18,17:30:15
2019-05-18,17:43:09
2019-05-18,17:49:09
2019-05-18,17:49:09
2019-05-18,17:49:35
2019-05-18,18:03:09
2019-05-18,18:03:11
2019-05-18,18:05:09
2019-05-18,18:07:09
2019-05-18,18:19:35
2019-05-18,18:20:33
2019-05-18,18:20:33
2019-05-18,18:21:09
2019-05-18,18:35:09
2019-05-18,18:37:09
2019-05-18,18:45:28
2019-05-18,18:45:28
2019-05-18,18:49:35
2019-05-18,18:50:34
2019-05-18,18:52:35
2019-05-18,18:53:10
2019-05-18,19:02:11
2019-05-18,19:02:11
2019-05-18,19:02:14
2019-05-18,19:02:24
2019-05-18,19:03:09
2019-05-18,19:09:37
2019-05-18,19:09:37
2019-05-18,19:17:27
2019-05-18,19:19:35
2019-05-18,19:20:33
2019-05-18,19:21:09
2019-05-18,19:35:09
2019-05-18,19:37:09
2019-05-18,19:43:09
2019-05-18,19:43:10
2019-05-18,19:49:35
2019-05-18,19:51:09
2019-05-18,19:51:09
2019-05-18,19:53:03
2019-05-18,19:53:04
2019-05-19,10:53:15
2019-05-19,10:53:15
2019-05-19,10:53:16
2019-05-19,10:53:19
2019-05-19,10:53:21
2019-05-19,10:53:27
2019-05-19,10:53:27
2019-05-19,10:53:27
2019-05-19,10:53:35
2019-05-19,10:53:51
2019-05-19,10:54:23
2019-05-19,10:56:10
2019-05-19,10:56:10
2019-05-19,10:56:12
2019-05-19,10:56:13
2019-05-19,10:56:17
2019-05-19,11:03:16
2019-05-19,11:03:29
2019-05-19,11:08:15
2019-05-19,11:21:29
2019-05-19,11:35:29
2019-05-19,11:38:15
2019-05-19,11:43:18
2019-05-19,11:43:20
2019-05-19,11:51:18
2019-05-19,11:51:29
2019-05-19,11:53:18
2019-05-19,12:03:29
2019-05-19,12:03:31
2019-05-19,12:04:01
2019-05-19,12:04:01
2019-05-19,12:04:01
2019-05-19,12:04:05
2019-05-19,12:07:29
2019-05-19,12:08:15
2019-05-19,12:14:34
2019-05-19,12:18:04
2019-05-19,12:21:29
2019-05-19,12:27:59
2019-05-19,12:27:59
2019-05-19,12:27:59
2019-05-19,12:35:29
2019-05-19,12:35:29
2019-05-19,12:38:15
2019-05-19,12:42:44
2019-05-19,12:43:09
2019-05-19,12:51:29
2019-05-19,12:51:29
2019-05-19,12:58:19
2019-05-19,13:03:29
2019-05-19,13:03:31
2019-05-19,13:05:29
2019-05-19,13:05:29
2019-05-19,13:08:15
2019-05-19,13:21:29
2019-05-19,13:21:29
2019-05-19,13:29:28
2019-05-19,13:35:29
2019-05-19,13:35:29
2019-05-19,13:38:15
2019-05-19,13:51:29
2019-05-19,13:51:29
2019-05-19,14:03:29
2019-05-19,14:03:31
2019-05-19,14:05:29
2019-05-19,14:05:29
2019-05-19,14:08:15
2019-05-19,14:21:29
2019-05-19,14:21:29
2019-05-19,14:26:31
2019-05-19,14:33:17
2019-05-19,14:34:03
2019-05-19,14:35:29
2019-05-19,14:38:16
2019-05-19,14:51:29
2019-05-19,14:57:29
2019-05-19,15:02:40
2019-05-19,15:05:29
2019-05-19,15:08:16
2019-05-19,15:21:29
2019-05-19,15:23:30
2019-05-19,15:26:32
2019-05-19,15:35:29
2019-05-19,15:38:16
2019-05-19,15:39:29
2019-05-19,15:39:30
2019-05-19,15:51:29
2019-05-19,15:57:29
2019-05-19,16:05:29
2019-05-19,16:10:02
2019-05-19,16:10:09
2019-05-19,16:15:29
2019-05-19,16:21:29
2019-05-19,16:23:29
2019-05-19,16:25:41
2019-05-19,16:27:41
2019-05-19,16:27:41
2019-05-19,16:27:44
2019-05-19,16:27:44
2019-05-19,16:27:44
2019-05-19,16:35:29
2019-05-19,16:37:35
2019-05-19,16:38:15
2019-05-19,16:51:29
2019-05-19,16:51:29
2019-05-19,16:57:29
2019-05-19,17:03:29
2019-05-19,17:03:31
2019-05-19,17:05:29
2019-05-19,17:05:29
2019-05-19,17:08:15
2019-05-19,17:21:29
2019-05-19,17:21:29
2019-05-19,17:35:29
2019-05-19,17:35:29
2019-05-19,17:38:15
2019-05-19,17:51:29
2019-05-19,17:51:29
2019-05-19,17:56:35
2019-05-19,18:03:29
2019-05-19,18:03:31
2019-05-19,18:05:29
2019-05-19,18:05:29
2019-05-19,18:08:15
2019-05-19,18:20:42
2019-05-19,18:20:42
2019-05-19,18:20:42
2019-05-19,18:20:57
2019-05-19,18:22:10
2019-05-20,01:42:04
2019-05-20,01:42:04
2019-05-20,01:42:08
2019-05-20,01:42:17
2019-05-20,01:42:17
2019-05-20,01:42:19
2019-05-20,01:42:35
2019-05-20,01:43:07
2019-05-20,01:45:07
2019-05-20,01:45:15
2019-05-20,01:55:36
2019-05-20,01:57:07
2019-05-20,02:04:01
2019-05-20,02:04:03
2019-05-20,02:05:08
2019-05-20,02:05:42
2019-05-20,02:06:36
2019-05-20,02:17:35
2019-05-20,02:20:36
2019-05-20,02:27:07
2019-05-20,02:35:05
2019-05-20,02:36:36
2019-05-20,02:42:08
2019-05-20,02:42:50
2019-05-20,02:42:52
2019-05-20,02:50:36
2019-05-20,02:50:36
2019-05-20,02:54:27
2019-05-20,02:57:07
2019-05-20,03:02:37
2019-05-20,03:02:37
2019-05-20,03:02:37
2019-05-20,03:02:38
2019-05-20,03:02:41
2019-05-20,03:04:13
2019-05-20,03:06:36
2019-05-20,03:12:52
2019-05-20,03:20:36
2019-05-20,03:20:36
2019-05-20,03:27:07
2019-05-20,03:36:36
2019-05-20,03:36:36
2019-05-20,03:41:59
2019-05-20,03:42:09
2019-05-20,03:42:09
2019-05-20,03:51:00
2019-05-20,03:51:00
2019-05-20,03:55:19
2019-05-20,03:57:07
2019-05-20,04:04:11
2019-05-20,04:04:13
2019-05-20,04:05:00
2019-05-20,04:06:57
2019-05-20,04:12:50
2019-05-20,04:20:57
2019-05-20,04:20:57
2019-05-20,04:25:40
2019-05-20,04:27:07
2019-05-20,04:34:57
2019-05-20,04:36:57
2019-05-20,04:48:29
2019-05-20,04:48:29
2019-05-20,04:48:29
2019-05-20,04:50:41
2019-05-20,04:50:41
2019-05-20,04:56:57
2019-05-20,04:57:07
2019-05-20,05:04:11
2019-05-20,05:04:13
2019-05-20,05:04:57
2019-05-20,05:06:57
2019-05-20,05:20:57
2019-05-20,05:20:57
2019-05-20,05:27:07
2019-05-20,05:34:57
2019-05-20,05:36:57
2019-05-20,05:42:20
2019-05-20,05:42:20
2019-05-20,05:50:53
2019-05-20,05:50:53
2019-05-20,05:57:07
2019-05-20,05:57:50
2019-05-20,06:04:11
2019-05-20,06:04:13
2019-05-20,06:04:53
2019-05-20,06:06:53
2019-05-20,06:12:50
2019-05-20,06:20:53
2019-05-20,06:20:53
2019-05-20,06:27:07
2019-05-20,06:27:50
2019-05-20,06:34:53
2019-05-20,06:36:54
2019-05-20,06:42:50
2019-05-20,06:44:29
2019-05-20,06:44:29
2019-05-20,06:44:29
2019-05-20,06:50:53
2019-05-20,06:50:53
2019-05-20,06:57:07
2019-05-20,07:04:11
2019-05-20,07:04:13
2019-05-20,07:04:53
2019-05-20,07:06:53
2019-05-20,07:12:50
2019-05-20,07:20:53
2019-05-20,07:20:53
2019-05-20,07:27:07
2019-05-20,07:27:50
2019-05-20,07:34:53
2019-05-20,07:36:53
2019-05-20,07:42:53
2019-05-20,07:50:53
2019-05-20,07:50:53
2019-05-20,07:56:41
2019-05-20,07:57:07
2019-05-20,08:04:11
2019-05-20,08:04:13
2019-05-20,08:04:53
2019-05-20,08:06:11
2019-05-20,08:06:12
2019-05-20,08:13:46
2019-05-20,08:14:07
2019-05-20,08:14:45
2019-05-20,08:24:58
2019-05-20,08:27:07
2019-05-20,08:34:53
2019-05-20,08:38:56
2019-05-20,08:40:06
2019-05-20,08:50:53
2019-05-20,08:54:53
2019-05-20,08:54:53
2019-05-20,08:57:07
2019-05-20,08:59:06
2019-05-20,09:04:11
2019-05-20,09:04:13
2019-05-20,09:04:53
2019-05-20,09:04:54
2019-05-20,09:06:31
2019-05-20,09:20:53
2019-05-20,09:20:53
2019-05-20,09:27:07
2019-05-20,09:34:53
2019-05-20,09:36:12
2019-05-20,09:36:13
2019-05-20,09:36:13
2019-05-20,09:41:51
2019-05-20,09:47:38
2019-05-20,09:56:53
2019-05-20,09:57:07
2019-05-20,10:03:19
2019-05-20,10:04:11
2019-05-20,10:04:13
2019-05-20,10:04:53
2019-05-20,10:12:51
2019-05-20,10:14:45
2019-05-20,10:20:53
2019-05-20,10:20:53
2019-05-20,10:25:41
2019-05-20,10:27:07
2019-05-20,10:34:53
2019-05-20,10:36:15
2019-05-20,10:36:53
2019-05-20,10:41:39
2019-05-20,10:50:53
2019-05-20,10:50:53
2019-05-20,10:54:14
2019-05-20,10:57:07
2019-05-20,11:02:54
2019-05-20,11:04:11
2019-05-20,11:04:13
2019-05-20,11:04:53
2019-05-20,11:06:53
2019-05-20,11:12:51
2019-05-20,11:14:45
2019-05-20,11:20:06
2019-05-20,11:20:53
2019-05-20,11:20:53
2019-05-20,11:25:18
2019-05-20,11:27:07
2019-05-20,11:28:37
2019-05-20,11:29:19
2019-05-20,11:29:19
2019-05-20,11:29:23
2019-05-20,11:34:53
2019-05-20,11:41:07
2019-05-20,11:41:13
2019-05-20,11:50:53
2019-05-20,11:57:07
2019-05-20,12:04:11
2019-05-20,12:04:13
2019-05-20,12:04:53
2019-05-20,12:06:53
2019-05-20,12:06:53
2019-05-20,12:12:51
2019-05-20,12:13:15
2019-05-20,12:14:48
2019-05-20,12:20:53
2019-05-20,12:20:56
2019-05-20,12:27:07
2019-05-20,12:29:16
2019-05-20,12:34:53
2019-05-20,12:36:53
2019-05-20,12:38:33
2019-05-20,12:41:24
2019-05-20,12:41:31
2019-05-20,12:41:31
2019-05-20,12:41:31
2019-05-20,12:41:32
2019-05-20,12:41:34
2019-05-21,01:24:57
2019-05-21,01:24:57
2019-05-21,01:24:59
2019-05-21,01:25:05
2019-05-21,01:25:05
2019-05-21,01:25:09
2019-05-21,01:26:59
2019-05-21,01:27:54
2019-05-21,01:28:05
2019-05-21,01:32:58
2019-05-21,01:32:58
2019-05-21,01:36:09
2019-05-21,01:40:45
2019-05-21,01:40:49
2019-05-21,01:42:05
2019-05-21,01:42:47
2019-05-21,01:44:02
2019-05-21,01:50:15
2019-05-21,01:50:16
2019-05-21,01:59:20
2019-05-21,02:02:59
2019-05-21,02:04:06
2019-05-21,02:07:02
2019-05-21,02:09:56
2019-05-21,02:20:15
2019-05-21,02:20:48
2019-05-21,02:25:39
2019-05-21,02:35:05
2019-05-21,02:39:56
2019-05-21,02:43:30
2019-05-21,02:43:32
2019-05-21,06:13:59
2019-05-21,06:13:59
2019-05-21,06:14:03
2019-05-21,06:14:04
2019-05-21,06:14:14
2019-05-21,06:14:14
2019-05-21,06:14:14
2019-05-21,06:14:15
2019-05-21,06:14:32
2019-05-21,06:15:04
2019-05-21,06:16:59
2019-05-21,06:16:59
2019-05-21,06:16:59
2019-05-21,06:17:03
2019-05-21,06:18:07
2019-05-21,06:18:09
2019-05-21,06:20:17
2019-05-21,06:29:04
2019-05-21,06:31:28
2019-05-21,06:32:49
2019-05-21,06:32:49
2019-05-21,06:35:17
2019-05-21,06:50:17
2019-05-21,06:53:17
2019-05-21,06:59:04
2019-05-21,07:03:17
2019-05-21,07:03:21
2019-05-21,07:05:17
2019-05-21,07:18:34
2019-05-21,07:20:17
2019-05-21,07:29:04
2019-05-21,07:31:17
2019-05-21,07:32:36
2019-05-21,07:32:36
2019-05-21,07:32:36
2019-05-21,07:32:44
2019-05-21,07:32:44
2019-05-21,07:32:46
2019-05-21,07:32:54
2019-05-21,07:33:10
2019-05-21,07:33:43
2019-05-21,07:41:58
2019-05-21,07:44:35
2019-05-21,07:47:37
2019-05-21,07:52:38
2019-05-21,07:52:38
2019-05-21,07:52:38
2019-05-21,07:53:46
2019-05-21,08:03:38
2019-05-21,08:03:40
2019-05-21,08:05:37
2019-05-21,08:05:44
2019-05-21,11:05:47
2019-05-21,11:05:49
2019-05-21,11:05:59
2019-05-21,11:06:03
2019-05-21,12:48:27
2019-05-21,12:48:30
2019-05-21,12:48:30
2019-05-21,12:48:43
2019-05-21,12:49:15
2019-05-21,12:49:43
2019-05-21,12:50:51
2019-05-21,12:50:57
2019-05-21,12:53:20
2019-05-21,12:57:23
2019-05-21,13:00:52
2019-05-21,13:03:15
2019-05-21,13:03:20
2019-05-21,13:05:20
2019-05-21,13:06:33
2019-05-21,13:06:42
2019-05-21,13:06:50
2019-05-21,13:07:06
2019-05-21,13:07:38
2019-05-21,13:08:30
2019-05-21,13:10:12
2019-05-21,13:12:34
2019-05-21,13:20:20
2019-05-21,13:23:55
2019-05-21,13:23:59
2019-05-21,13:33:16
2019-05-21,13:35:00
2019-05-21,13:35:20
2019-05-21,13:41:08
2019-05-21,13:50:20
2019-05-21,14:02:23
2019-05-21,14:03:15
2019-05-21,14:03:17
2019-05-21,14:03:20
2019-05-21,14:05:17
2019-05-21,14:12:20
2019-05-21,14:12:27
2019-05-21,14:12:36
2019-05-21,14:13:05
2019-05-21,14:16:36
2019-05-21,14:23:37
2019-05-21,14:24:44
2019-05-21,14:27:28
2019-05-21,14:33:15
2019-05-21,14:35:17
2019-05-21,14:37:26
2019-05-21,14:39:04
2019-05-21,14:40:28
2019-05-21,14:46:46
2019-05-21,14:50:17
2019-05-21,14:54:21
2019-05-21,14:56:52
2019-05-21,15:03:15
2019-05-21,15:04:00
2019-05-21,15:19:00
2019-05-21,15:20:32
2019-05-21,15:20:33
2019-05-21,15:33:15
2019-05-21,15:34:58
2019-05-21,15:49:58
2019-05-21,15:58:59
2019-05-21,18:58:58
2019-05-21,18:59:01
2019-05-21,18:59:07
2019-05-21,18:59:10
2019-05-21,18:59:15
2019-05-22,01:04:58
2019-05-22,01:05:06
2019-05-22,01:05:17
2019-05-22,01:05:22
2019-05-22,01:05:22
2019-05-22,01:05:33
2019-05-22,01:05:51
2019-05-22,01:06:05
2019-05-22,01:07:42
2019-05-22,01:07:56
2019-05-22,01:07:56
2019-05-22,01:08:06
2019-05-22,01:15:00
2019-05-22,01:15:38
2019-05-22,01:20:09
2019-05-22,01:20:56
2019-05-22,01:21:04
2019-05-22,01:30:05
2019-05-22,01:33:14
2019-05-22,01:34:59
2019-05-22,01:34:59
2019-05-22,01:35:01
2019-05-22,01:35:09
2019-05-22,01:41:14
2019-05-22,01:49:04
2019-05-22,01:49:58
2019-05-22,01:50:55
2019-05-22,01:57:44
2019-05-22,02:03:34
2019-05-22,02:03:35
2019-05-22,02:03:35
2019-05-22,02:03:36
2019-05-22,02:03:36
2019-05-22,02:03:36
2019-05-22,02:03:36
2019-05-22,02:03:36
2019-05-22,02:03:37
2019-05-22,02:03:43
2019-05-22,02:05:09
2019-05-22,02:11:54
2019-05-22,02:11:55
2019-05-22,02:19:03
2019-05-22,02:19:03
2019-05-22,02:19:15
2019-05-22,02:19:58
2019-05-22,02:20:09
2019-05-22,02:29:19
2019-05-22,02:29:35
2019-05-22,02:35:05
2019-05-22,02:40:46
2019-05-22,02:49:58
2019-05-22,02:50:05
2019-05-22,03:04:11
2019-05-22,03:04:13
2019-05-22,03:05:05
2019-05-22,03:06:22
2019-05-22,03:19:51
2019-05-22,03:19:58
2019-05-22,03:20:05
2019-05-22,03:24:59
2019-05-22,03:24:59
2019-05-22,03:35:05
2019-05-22,03:49:58
2019-05-22,03:50:05
2019-05-22,04:04:11
2019-05-22,04:04:13
2019-05-22,04:05:00
2019-05-22,04:19:58
2019-05-22,04:20:00
2019-05-22,04:25:40
2019-05-22,04:35:00
2019-05-22,04:49:58
2019-05-22,04:50:00
2019-05-22,05:04:11
2019-05-22,05:04:13
2019-05-22,05:05:00
2019-05-22,05:05:00
2019-05-22,05:10:04
2019-05-22,05:17:41
2019-05-22,05:17:41
2019-05-22,05:17:51
2019-05-22,06:59:36
2019-05-22,07:00:03
2019-05-22,07:00:03
2019-05-22,07:05:45
2019-05-22,07:06:52
2019-05-22,07:14:35
2019-05-22,07:21:16
2019-05-22,07:31:23
2019-05-22,07:41:27
2019-05-22,07:44:35
2019-05-22,07:47:28
2019-05-22,07:51:16
2019-05-22,07:56:27
2019-05-22,07:59:36
2019-05-22,07:59:36
2019-05-22,08:03:22
2019-05-22,08:03:23
2019-05-22,08:03:23
2019-05-22,08:05:45
2019-05-22,08:14:35
2019-05-22,08:21:16
2019-05-22,08:35:45
2019-05-22,08:44:35
2019-05-22,08:51:16
2019-05-22,09:03:45
2019-05-22,09:03:47
2019-05-22,09:04:11
2019-05-22,09:04:54
2019-05-22,09:10:04
2019-05-22,09:14:35
2019-05-22,09:21:16
2019-05-22,09:35:45
2019-05-22,09:44:35
2019-05-22,09:51:16
2019-05-22,10:03:19
2019-05-22,10:03:22
2019-05-22,10:05:45
2019-05-22,10:14:35
2019-05-22,10:21:16
2019-05-22,10:25:41
2019-05-22,10:35:45
2019-05-22,10:44:35
2019-05-22,10:51:16
2019-05-22,11:03:45
2019-05-22,11:03:47
2019-05-22,11:05:45
2019-05-22,11:14:35
2019-05-22,11:21:16
2019-05-22,11:35:45
2019-05-22,11:44:35
2019-05-22,11:51:16
2019-05-22,12:03:45
2019-05-22,12:03:47
2019-05-22,12:05:45
2019-05-22,12:05:45
2019-05-22,12:14:35
2019-05-22,12:21:16
2019-05-22,12:35:45
2019-05-22,12:36:29
2019-05-22,12:36:29
2019-05-22,12:44:35
2019-05-22,12:49:24
2019-05-22,12:50:20
2019-05-22,12:53:45
2019-05-22,13:03:44
2019-05-22,13:03:44
2019-05-22,13:03:46
2019-05-22,13:05:44
2019-05-22,13:14:35
2019-05-22,13:21:16
2019-05-22,13:31:23
2019-05-22,13:43:44
2019-05-22,13:44:35
2019-05-22,13:51:16
2019-05-22,14:03:44
2019-05-22,14:03:46
2019-05-22,14:06:07
2019-05-22,14:14:35
2019-05-22,14:20:07
2019-05-22,14:36:07
2019-05-22,14:44:35
2019-05-22,14:46:12
2019-05-22,14:47:09
2019-05-22,14:47:14
2019-05-22,14:54:07
2019-05-22,15:04:07
2019-05-22,15:04:08
2019-05-22,15:04:08
2019-05-22,15:06:16
2019-05-22,15:06:16
2019-05-22,15:14:35
2019-05-22,15:20:32
2019-05-22,15:36:16
2019-05-22,15:42:33
2019-05-22,15:44:35
2019-05-22,15:47:42
2019-05-22,15:50:32
2019-05-22,16:04:11
2019-05-22,16:04:13
2019-05-22,16:06:16
2019-05-22,16:15:29
2019-05-22,16:15:36
2019-05-22,16:16:51
2019-05-22,16:25:41
2019-05-22,16:35:24
2019-05-22,16:42:17
2019-05-22,16:44:35
2019-05-22,16:46:13
2019-05-22,16:50:32
2019-05-22,16:54:33
2019-05-22,16:58:38
2019-05-22,16:59:59
2019-05-22,17:03:15
2019-05-22,17:03:17
2019-05-22,17:14:32
2019-05-22,17:14:35
2019-05-22,17:20:30
2019-05-22,17:36:16
2019-05-22,17:42:30
2019-05-22,17:44:35
2019-05-22,17:48:55
2019-05-22,18:04:11
2019-05-22,18:04:13
2019-05-22,18:14:35
2019-05-22,18:19:59
2019-05-22,18:28:26
2019-05-22,18:36:16
2019-05-22,18:44:35
2019-05-22,18:50:30
2019-05-22,18:56:51
2019-05-22,18:56:51
2019-05-22,19:00:48
2019-05-23,03:41:17
2019-05-23,03:41:17
2019-05-23,03:41:17
2019-05-23,03:41:17
2019-05-23,03:41:19
2019-05-23,03:41:21
2019-05-23,03:41:23
2019-05-23,03:41:29
2019-05-23,03:41:29
2019-05-23,03:41:30
2019-05-23,03:41:46
2019-05-23,03:42:18
2019-05-23,03:44:14
2019-05-23,03:44:14
2019-05-23,03:44:14
2019-05-23,03:44:14
2019-05-23,03:44:17
2019-05-23,03:44:24
2019-05-23,03:51:19
2019-05-23,03:56:17
2019-05-23,03:57:38
2019-05-23,04:03:19
2019-05-23,04:05:18
2019-05-23,04:06:55
2019-05-23,04:12:06
2019-05-23,04:18:47
2019-05-23,04:21:18
2019-05-23,04:22:45
2019-05-23,04:25:41
2019-05-23,04:26:17
2019-05-23,04:28:17
2019-05-23,04:33:21
2019-05-23,04:41:33
2019-05-23,04:44:31
2019-05-23,04:48:44
2019-05-23,04:54:17
2019-05-23,04:56:17
2019-05-23,05:03:49
2019-05-23,05:03:49
2019-05-23,05:03:50
2019-05-23,05:03:50
2019-05-23,05:03:50
2019-05-23,05:03:54
2019-05-23,05:21:48
2019-05-23,05:26:17
2019-05-23,05:34:58
2019-05-23,05:44:31
2019-05-23,05:46:22
2019-05-23,05:51:48
2019-05-23,05:56:17
2019-05-23,05:59:34
2019-05-23,05:59:35
2019-05-23,06:03:44
2019-05-23,06:03:49
2019-05-23,06:03:51
2019-05-23,06:05:48
2019-05-23,06:08:57
2019-05-23,06:21:49
2019-05-23,06:26:17
2019-05-23,06:28:11
2019-05-23,06:35:48
2019-05-23,06:43:38
2019-05-23,06:43:49
2019-05-23,06:43:49
2019-05-23,06:43:49
2019-05-23,06:51:48
2019-05-23,06:53:49
2019-05-23,06:56:17
2019-05-23,07:03:49
2019-05-23,07:03:51
2019-05-23,07:05:48
2019-05-23,07:11:55
2019-05-23,07:16:41
2019-05-23,07:19:01
2019-05-23,07:21:49
2019-05-23,07:24:25
2019-05-23,07:26:18
2019-05-23,07:28:09
2019-05-23,07:29:35
2019-05-23,07:32:34
2019-05-23,07:34:54
2019-05-23,07:41:49
2019-05-23,07:44:31
2019-05-23,07:46:26
2019-05-23,07:46:26
2019-05-23,07:46:26
2019-05-23,07:47:03
2019-05-23,07:51:44
2019-05-23,07:52:16
2019-05-23,07:56:18
2019-05-23,07:58:24
2019-05-23,08:03:48
2019-05-23,08:03:50
2019-05-23,08:04:21
2019-05-23,08:05:46
2019-05-23,08:13:04
2019-05-23,08:19:40
2019-05-23,08:21:14
2019-05-23,08:26:18
2019-05-23,08:26:27
2019-05-23,08:29:36
2019-05-23,08:30:34
2019-05-23,08:31:39
2019-05-23,08:35:46
2019-05-23,08:37:08
2019-05-23,08:44:31
2019-05-23,08:51:46
2019-05-23,08:56:18
2019-05-23,09:03:47
2019-05-23,09:03:50
2019-05-23,09:04:54
2019-05-23,09:16:20
2019-05-23,09:21:46
2019-05-23,09:26:18
2019-05-23,09:35:46
2019-05-23,09:44:31
2019-05-23,09:48:33
2019-05-23,09:48:33
2019-05-23,09:56:18
2019-05-23,10:03:20
2019-05-23,10:03:22
2019-05-23,10:05:46
2019-05-23,10:16:41
2019-05-23,10:18:33
2019-05-23,10:21:46
2019-05-23,10:25:41
2019-05-23,10:26:18
2019-05-23,10:35:47
2019-05-23,10:44:31
2019-05-23,10:51:46
2019-05-23,10:56:18
2019-05-23,11:03:47
2019-05-23,11:03:48
2019-05-23,11:05:47
2019-05-23,11:21:46
2019-05-23,11:26:18
2019-05-23,11:35:46
2019-05-23,11:41:20
2019-05-23,11:44:31
2019-05-23,11:51:46
2019-05-23,11:56:18
2019-05-23,12:03:47
2019-05-23,12:03:49
2019-05-23,12:05:47
2019-05-23,12:05:47
2019-05-23,12:21:47
2019-05-23,12:26:18
2019-05-23,12:35:47
2019-05-23,12:41:47
2019-05-23,12:44:31
2019-05-23,12:50:20
2019-05-23,12:56:18
2019-05-23,13:03:47
2019-05-23,13:03:49
2019-05-23,13:05:47
2019-05-23,13:21:47
2019-05-23,13:26:18
2019-05-23,13:35:24
2019-05-23,13:41:47
2019-05-23,13:44:31
2019-05-23,13:51:47
2019-05-23,13:56:18
2019-05-23,14:03:47
2019-05-23,14:03:49
2019-05-23,14:05:47
2019-05-23,14:21:47
2019-05-23,14:26:18
2019-05-23,14:27:58
2019-05-23,14:27:59
2019-05-23,14:28:08
2019-05-23,14:35:47
2019-05-23,14:37:14
2019-05-23,14:42:30
2019-05-23,14:43:02
2019-05-23,14:43:02
2019-05-23,14:47:37
2019-05-23,14:51:47
2019-05-23,14:53:43
2019-05-23,14:56:18
2019-05-23,14:58:02
2019-05-23,14:59:48
2019-05-23,15:03:47
2019-05-23,15:03:49
2019-05-23,15:04:12
2019-05-23,15:04:12
2019-05-23,15:05:47
2019-05-23,15:05:47
2019-05-23,15:14:36
2019-05-23,15:21:43
2019-05-23,15:26:18
2019-05-23,15:35:41
2019-05-23,15:36:43
2019-05-23,15:39:42
2019-05-23,15:40:50
2019-05-23,15:44:31
2019-05-23,15:51:41
2019-05-23,15:52:06
2019-05-23,15:54:10
2019-05-23,15:56:18
2019-05-23,16:03:41
2019-05-23,16:05:41
2019-05-23,16:12:14
2019-05-23,16:12:22
2019-05-23,16:21:41
2019-05-23,16:25:41
2019-05-23,16:35:41
2019-05-23,16:41:17
2019-05-23,16:41:41
2019-05-23,16:44:31
2019-05-23,16:48:09
2019-05-23,16:53:41
2019-05-23,17:03:42
2019-05-23,17:03:45
2019-05-23,17:05:41
2019-05-23,17:11:18
2019-05-23,17:14:44
2019-05-23,17:19:29
2019-05-23,17:19:56
2019-05-23,17:29:36
2019-05-23,17:35:41
2019-05-23,17:41:18
2019-05-23,17:41:42
2019-05-23,17:44:31
2019-05-23,17:51:41
2019-05-23,18:03:42
2019-05-23,18:03:44
2019-05-23,18:05:41
2019-05-23,18:11:18
2019-05-23,18:14:44
2019-05-23,18:14:44
2019-05-23,18:14:49
2019-05-23,18:14:51
2019-05-23,18:15:01
2019-05-23,18:15:01
2019-05-23,18:15:03
2019-05-23,18:15:05
2019-05-23,18:15:08
2019-05-23,18:16:43
2019-05-23,18:16:43
2019-05-23,18:16:43
2019-05-23,18:16:43
2019-05-23,18:16:43
2019-05-23,18:16:43
2019-05-23,18:16:44
2019-05-23,18:16:44
2019-05-23,18:16:44
2019-05-23,18:16:44
2019-05-23,18:16:44
2019-05-23,18:16:44
2019-05-23,18:16:44
2019-05-23,18:16:44
2019-05-23,18:16:44
2019-05-23,18:16:44
2019-05-23,18:16:44
2019-05-23,18:16:44
2019-05-23,18:16:44
2019-05-23,18:16:44
2019-05-23,18:16:44
2019-05-23,18:16:45
2019-05-23,18:16:45
2019-05-23,18:16:45
2019-05-23,18:16:45
2019-05-23,18:16:45
2019-05-23,18:16:45
2019-05-23,18:16:45
2019-05-23,18:16:45
2019-05-23,18:16:45
2019-05-23,18:16:45
2019-05-23,18:16:45
2019-05-23,18:16:45
2019-05-23,18:16:45
2019-05-23,18:16:45
2019-05-23,18:16:45
2019-05-23,18:16:45
2019-05-23,18:16:46
2019-05-23,18:16:47
2019-05-23,18:16:47
2019-05-23,18:16:47
2019-05-23,18:16:48
2019-05-23,18:16:51
2019-05-23,18:16:51
2019-05-23,18:16:54
2019-05-23,18:16:59
2019-05-23,18:17:14
2019-05-23,18:17:15
2019-05-23,18:17:33
2019-05-23,18:17:49
2019-05-23,18:18:05
2019-05-23,18:18:05
2019-05-23,18:18:35
2019-05-23,18:18:49
2019-05-23,18:18:52
2019-05-23,18:18:54
2019-05-23,18:18:54
2019-05-23,18:18:54
2019-05-23,18:18:54
2019-05-23,18:18:55
2019-05-23,18:18:56
2019-05-23,18:19:12
2019-05-23,18:20:46
2019-05-23,18:25:44
2019-05-23,18:26:54
2019-05-23,18:26:54
2019-05-23,18:31:53
2019-05-23,18:36:00
2019-05-23,18:44:32
2019-05-23,18:46:54
2019-05-23,18:49:19
2019-05-23,18:49:22
2019-05-23,18:50:00
2019-05-23,18:52:00
2019-05-23,18:53:01
2019-05-23,19:01:54
2019-05-23,19:04:00
2019-05-23,19:06:00
2019-05-23,19:19:01
2019-05-23,19:19:19
2019-05-23,19:19:22
2019-05-23,19:20:00
2019-05-23,19:22:00
2019-05-23,19:31:53
2019-05-23,19:36:00
2019-05-23,19:40:00
2019-05-23,19:44:31
2019-05-23,19:49:19
2019-05-23,19:49:22
2019-05-23,19:50:00
2019-05-23,19:52:00
2019-05-23,19:58:00
2019-05-23,19:59:15
2019-05-23,19:59:15
2019-05-23,19:59:16
2019-05-23,20:04:00
2019-05-23,20:04:02
2019-05-23,20:06:00
2019-05-23,20:14:13
2019-05-23,20:16:47
2019-05-23,20:16:47
2019-05-23,20:19:19
2019-05-23,20:19:22
2019-05-23,20:20:00
2019-05-23,20:21:45
2019-05-23,20:21:45
2019-05-23,20:21:45
2019-05-23,20:31:54
2019-05-23,20:33:58
2019-05-23,20:41:03
2019-05-23,20:41:03
2019-05-23,20:44:31
2019-05-23,20:44:31
2019-05-23,20:44:32
2019-05-23,20:46:15
2019-05-23,20:46:29
2019-05-23,20:49:19
2019-05-23,20:49:22
2019-05-23,20:50:01
2019-05-23,20:52:01
2019-05-23,21:04:01
2019-05-23,21:06:01
2019-05-23,21:06:01
2019-05-23,21:16:54
2019-05-23,21:19:19
2019-05-23,21:19:22
2019-05-23,21:20:01
2019-05-23,21:22:01
2019-05-23,21:36:01
2019-05-23,21:36:01
2019-05-23,21:41:33
2019-05-23,21:41:33
2019-05-23,21:44:31
2019-05-23,21:49:19
2019-05-23,21:49:22
2019-05-23,21:50:01
2019-05-23,21:52:01
2019-05-23,22:01:54
2019-05-23,22:04:01
2019-05-23,22:04:03
2019-05-23,22:06:01
2019-05-23,22:19:19
2019-05-23,22:19:22
2019-05-23,22:20:01
2019-05-23,22:22:01
2019-05-23,22:25:41
2019-05-23,22:31:54
2019-05-23,22:33:58
2019-05-23,22:42:07
2019-05-23,22:42:07
2019-05-23,22:46:54
2019-05-23,22:49:19
2019-05-23,22:49:22
2019-05-23,22:50:01
2019-05-23,22:52:01
2019-05-23,23:01:54
2019-05-23,23:04:01
2019-05-23,23:04:03
2019-05-23,23:06:01
2019-05-23,23:16:55
2019-05-23,23:19:19
2019-05-23,23:19:22
2019-05-23,23:20:01
2019-05-23,23:22:01
2019-05-23,23:31:56
2019-05-23,23:36:01
2019-05-23,23:39:31
2019-05-23,23:44:31
2019-05-23,23:49:20
2019-05-23,23:49:22
2019-05-23,23:50:02
2019-05-23,23:52:02
2019-05-24,00:04:02
2019-05-24,00:04:04
2019-05-24,00:06:02
2019-05-24,00:06:02
2019-05-24,00:16:02
2019-05-24,00:19:19
2019-05-24,00:19:22
2019-05-24,00:20:02
2019-05-24,00:22:02
2019-05-24,00:33:59
2019-05-24,00:36:02
2019-05-24,00:40:02
2019-05-24,00:40:07
2019-05-24,00:40:07
2019-05-24,00:46:56
2019-05-24,00:49:20
2019-05-24,00:49:22
2019-05-24,00:50:02
2019-05-24,00:52:02
2019-05-24,01:01:56
2019-05-24,01:04:02
2019-05-24,01:04:04
2019-05-24,01:06:02
2019-05-24,01:19:19
2019-05-24,01:19:22
2019-05-24,01:20:02
2019-05-24,01:22:02
2019-05-24,01:36:02
2019-05-24,01:36:02
2019-05-24,01:40:02
2019-05-24,01:49:20
2019-05-24,01:49:22
2019-05-24,01:50:02
2019-05-24,01:52:02
2019-05-24,01:58:02
2019-05-24,01:58:02
2019-05-24,02:04:02
2019-05-24,02:04:04
2019-05-24,02:06:02
2019-05-24,02:16:56
2019-05-24,02:19:19
2019-05-24,02:19:22
2019-05-24,02:20:02
2019-05-24,02:22:02
2019-05-24,02:31:56
2019-05-24,02:33:58
2019-05-24,02:49:20
2019-05-24,02:49:22
2019-05-24,02:50:03
2019-05-24,02:52:03
2019-05-24,03:01:55
2019-05-24,03:04:03
2019-05-24,03:04:05
2019-05-24,03:06:03
2019-05-24,03:06:03
2019-05-24,03:19:19
2019-05-24,03:19:22
2019-05-24,03:20:28
2019-05-24,03:20:28
2019-05-24,03:31:56
2019-05-24,03:35:22
2019-05-24,03:39:01
2019-05-24,03:43:22
2019-05-24,03:47:16
2019-05-24,03:49:20
2019-05-24,03:49:22
2019-05-24,03:51:22
2019-05-24,04:01:57
2019-05-24,04:03:22
2019-05-24,04:03:24
2019-05-24,04:05:22
2019-05-24,04:17:23
2019-05-24,04:17:24
2019-05-24,04:19:19
2019-05-24,04:19:22
2019-05-24,04:21:22
2019-05-24,04:21:22
2019-05-24,04:25:41
2019-05-24,04:31:54
2019-05-24,04:33:58
2019-05-24,04:46:56
2019-05-24,04:47:23
2019-05-24,04:49:20
2019-05-24,04:49:22
2019-05-24,04:51:23
2019-05-24,04:56:03
2019-05-24,05:01:57
2019-05-24,05:03:23
2019-05-24,05:03:25
2019-05-24,05:05:23
2019-05-24,05:11:31
2019-05-24,05:11:32
2019-05-24,05:11:34
2019-05-24,05:11:34
2019-05-24,05:17:03
2019-05-24,05:19:19
2019-05-24,05:19:22
2019-05-24,05:21:20
2019-05-24,05:23:23
2019-05-24,05:26:09
2019-05-24,05:26:11
2019-05-24,05:35:23
2019-05-24,05:40:31
2019-05-24,05:42:51
2019-05-24,05:42:51
2019-05-24,05:47:52
2019-05-24,05:49:20
2019-05-24,05:49:22
2019-05-24,05:50:51
2019-05-24,06:01:58
2019-05-24,06:03:36
2019-05-24,06:03:51
2019-05-24,06:03:53
2019-05-24,06:07:54
2019-05-24,06:19:19
2019-05-24,06:19:22
2019-05-24,06:20:26
2019-05-24,06:20:27
2019-05-24,06:20:27
2019-05-24,06:20:27
2019-05-24,06:20:27
2019-05-24,06:20:28
2019-05-24,06:20:29
2019-05-24,06:20:31
2019-05-24,06:33:58
2019-05-24,06:35:50
2019-05-24,06:43:49
2019-05-24,06:43:49
2019-05-24,06:43:49
2019-05-24,06:43:50
2019-05-24,06:43:53
2019-05-24,06:43:55
2019-05-24,06:49:20
2019-05-24,06:49:22
2019-05-24,06:50:50
2019-05-24,06:56:50
2019-05-24,07:01:57
2019-05-24,07:03:50
2019-05-24,07:03:52
2019-05-24,07:05:50
2019-05-24,07:07:55
2019-05-24,07:07:55
2019-05-24,07:11:35
2019-05-24,07:11:36
2019-05-24,07:16:57
2019-05-24,07:19:19
2019-05-24,07:19:22
2019-05-24,07:20:50
2019-05-24,07:23:33
2019-05-24,07:36:55
2019-05-24,07:37:45
2019-05-24,07:37:46
2019-05-24,07:37:46
2019-05-24,07:37:46
2019-05-24,07:37:49
2019-05-24,08:38:09
2019-05-24,08:38:09
2019-05-24,08:38:13
2019-05-24,08:38:18
2019-05-24,08:38:18
2019-05-24,08:38:20
2019-05-24,08:38:32
2019-05-24,08:38:32
2019-05-24,08:38:33
2019-05-24,08:38:36
2019-05-24,08:38:48
2019-05-24,08:38:52
2019-05-24,08:39:08
2019-05-24,08:40:12
2019-05-24,08:41:04
2019-05-24,08:43:51
2019-05-24,08:43:54
2019-05-24,08:48:10
2019-05-24,08:49:50
2019-05-24,08:49:56
2019-05-24,08:52:07
2019-05-24,08:52:13
2019-05-24,08:53:09
2019-05-24,08:53:12
2019-05-24,08:53:12
2019-05-24,08:58:26
2019-05-24,08:58:26
2019-05-24,08:58:26
2019-05-24,09:00:21
2019-05-24,09:00:24
2019-05-24,09:03:40
2019-05-24,09:05:39
2019-05-24,09:06:33
2019-05-24,09:20:39
2019-05-24,09:23:07
2019-05-24,09:23:10
2019-05-24,09:33:36
2019-05-24,09:33:36
2019-05-24,09:34:46
2019-05-24,09:34:46
2019-05-24,09:34:46
2019-05-24,09:34:57
2019-05-24,09:35:02
2019-05-24,12:54:34
2019-05-24,12:54:34
2019-05-24,12:54:36
2019-05-24,12:54:38
2019-05-24,12:54:38
2019-05-24,12:54:39
2019-05-24,12:54:42
2019-05-24,12:54:45
2019-05-24,12:54:46
2019-05-24,12:54:53
2019-05-24,12:54:57
2019-05-24,12:55:05
2019-05-24,12:55:11
2019-05-24,12:55:14
2019-05-24,12:55:21
2019-05-24,12:55:53
2019-05-24,12:56:02
2019-05-24,12:56:37
2019-05-24,12:57:00
2019-05-24,12:57:00
2019-05-24,12:59:08
2019-05-24,13:01:11
2019-05-24,13:02:01
2019-05-24,13:04:36
2019-05-24,13:06:16
2019-05-24,13:09:36
2019-05-24,13:09:39
2019-05-24,13:21:25
2019-05-24,13:26:03
2019-05-24,13:26:03
2019-05-24,13:27:46
2019-05-24,13:28:31
2019-05-24,13:28:32
2019-05-24,13:28:32
2019-05-24,13:28:32
